Supplier_ID,Supplier_Name,Supplier_Region,Purchase_Order_Count,Product_Count,Purchase_Quantity,Purchase_Value,Average_Delivery_Time_Days,Average_Delivery_Delay_Days,On_Time_Deliveries,Total_Deliveries,Rejected_Quantity,Average_Quality_Score,On_Time_Delivery_Percentage,Rejection_Rate_Percentage,Average_Unit_Cost,Unit_Cost_Standard_Deviation,Minimum_Unit_Cost,Maximum_Unit_Cost,Price_Variation_Percentage,On_Time_Score,Quality_Score,Lead_Time_Score,Price_Stability_Score,Rejection_Score,Supplier_Performance_Score,Supplier_Rank,Supplier_Status,Unit_Cost_Change_Percentage,Delivery_Time_Change_Days,On_Time_Change_Percentage_Points,Rejection_Rate_Change,Quality_Change,Decline_Factor_Count,Trend_Status,Review_Priority,Recommended_Action
S00075,Supplier 075,R016,121,5,32854,294406443.2,23.98,3.98,28,121,0,100.0,23.14,0.0,8943.61,277.35,8608.8,9284.0,3.1,23.14,100.0,92.12,53.13,100.0,68.34,1,Monitor,0.06,-0.5,1.15,0.0,0.0,1,One Performance Issue,Medium,Monitor monthly score and create corrective-action targets for delivery and quality.
S00055,Supplier 055,R016,120,5,30380,199821273.6,24.13,4.13,28,120,0,100.0,23.33,0.0,6612.32,203.36,6364.8,6864.0,3.08,23.33,100.0,78.32,70.57,100.0,68.25,2,Monitor,-0.19,-0.26,1.56,0.0,0.0,0,Stable / Improving,Medium,Monitor monthly score and create corrective-action targets for delivery and quality.
S00187,Supplier 187,R008,121,5,34506,357581804.8,24.12,4.12,28,121,0,100.0,23.14,0.0,10339.15,318.69,9955.2,10736.0,3.08,23.14,100.0,79.94,65.84,100.0,67.81,3,Monitor,-0.13,-0.3,0.38,0.0,0.0,0,Stable / Improving,Medium,Monitor monthly score and create corrective-action targets for delivery and quality.
S00163,Supplier 163,R004,121,5,31452,237823379.2,24.12,4.12,28,121,0,100.0,23.14,0.0,7542.49,232.49,7262.4,7832.0,3.08,23.14,100.0,79.94,65.84,100.0,67.81,4,Monitor,-0.25,-0.29,1.15,0.0,0.0,0,Stable / Improving,Medium,Monitor monthly score and create corrective-action targets for delivery and quality.
S00147,Supplier 147,R008,122,5,36112,204294899.2,23.98,3.98,28,122,0,100.0,22.95,0.0,5681.6,176.5,5467.2,5896.0,3.11,22.95,100.0,92.11,49.5,100.0,67.73,5,Monitor,-0.12,-0.56,0.75,0.0,0.0,0,Stable / Improving,Medium,Monitor monthly score and create corrective-action targets for delivery and quality.
S00079,Supplier 079,R020,121,5,33188,310864646.4,24.13,4.13,28,121,0,100.0,23.14,0.0,9412.8,290.02,9057.6,9768.0,3.08,23.14,100.0,78.42,66.71,100.0,67.63,6,Monitor,-0.12,-0.26,1.15,0.0,0.0,0,Stable / Improving,Medium,Monitor monthly score and create corrective-action targets for delivery and quality.
S00167,Supplier 167,R008,121,5,32186,256806849.6,24.13,4.13,28,121,0,100.0,23.14,0.0,8013.6,246.91,7711.2,8316.0,3.08,23.14,100.0,78.42,66.71,100.0,67.63,7,Monitor,0.0,-0.19,1.92,0.0,0.0,0,Stable / Improving,Medium,Monitor monthly score and create corrective-action targets for delivery and quality.
S00143,Supplier 143,R004,121,5,34982,182861246.4,24.13,4.13,28,121,0,100.0,23.14,0.0,5215.2,160.69,5018.4,5412.0,3.08,23.14,100.0,78.42,66.71,100.0,67.63,8,Monitor,0.12,-0.19,1.15,0.0,0.0,1,One Performance Issue,Medium,Monitor monthly score and create corrective-action targets for delivery and quality.
S00119,Supplier 119,R020,121,5,32378,78447230.4,24.13,4.13,28,121,0,100.0,23.14,0.0,2416.8,74.46,2325.6,2508.0,3.08,23.14,100.0,78.42,66.71,100.0,67.63,8,Monitor,0.0,-0.26,0.38,0.0,0.0,1,One Performance Issue,Medium,Monitor monthly score and create corrective-action targets for delivery and quality.
S00095,Supplier 095,R016,121,5,35624,402696761.6,24.13,4.13,28,121,0,100.0,23.14,0.0,11278.4,347.5,10852.8,11704.0,3.08,23.14,100.0,78.42,66.71,100.0,67.63,9,Monitor,-0.12,-0.26,1.15,0.0,0.0,0,Stable / Improving,Medium,Monitor monthly score and create corrective-action targets for delivery and quality.
S00035,Supplier 035,R016,121,5,34114,145559422.4,24.15,4.15,28,121,0,100.0,23.14,0.0,4285.07,131.92,4120.8,4444.0,3.08,23.14,100.0,76.9,68.45,100.0,67.59,10,Monitor,0.13,-0.15,1.92,0.0,0.0,1,One Performance Issue,Medium,Monitor monthly score and create corrective-action targets for delivery and quality.
S00059,Supplier 059,R020,121,5,31318,222455489.6,24.15,4.15,28,121,0,100.0,23.14,0.0,7085.22,218.12,6813.6,7348.0,3.08,23.14,100.0,76.9,68.45,100.0,67.59,11,Monitor,0.13,0.37,1.15,0.0,0.0,2,Multiple Performance Issues,High,Monitor monthly score and create corrective-action targets for delivery and quality.
S00139,Supplier 139,R020,122,5,35086,166837888.0,24.1,4.1,28,122,0,100.0,22.95,0.0,4744.39,146.55,4569.6,4928.0,3.09,22.95,100.0,81.54,61.41,100.0,67.4,12,Monitor,-0.19,-0.26,1.51,0.0,0.0,0,Stable / Improving,Medium,Monitor monthly score and create corrective-action targets for delivery and quality.
S00115,Supplier 115,R016,122,5,32008,62524672.0,24.1,4.1,28,122,0,100.0,22.95,0.0,1948.59,60.19,1876.8,2024.0,3.09,22.95,100.0,81.54,61.41,100.0,67.4,13,Monitor,-0.06,-0.26,0.75,0.0,0.0,0,Stable / Improving,Medium,Monitor monthly score and create corrective-action targets for delivery and quality.
S00155,Supplier 155,R016,122,5,30638,201741945.6,24.13,4.13,28,122,0,100.0,22.95,0.0,6616.45,204.21,6364.8,6864.0,3.09,22.95,100.0,78.52,63.15,100.0,67.06,14,Monitor,0.19,-0.33,3.28,0.0,0.0,1,One Performance Issue,Medium,Monitor monthly score and create corrective-action targets for delivery and quality.
S00183,Supplier 183,R004,123,5,34336,339728912.0,24.1,4.1,28,123,0,100.0,22.76,0.0,9873.14,305.57,9506.4,10252.0,3.1,22.76,100.0,81.61,57.29,100.0,66.74,15,Monitor,-0.0,-0.26,0.37,0.0,0.0,0,Stable / Improving,Medium,Monitor monthly score and create corrective-action targets for delivery and quality.
S00199,Supplier 199,R020,123,5,36654,431269499.2,24.11,4.11,28,123,0,100.0,22.76,0.0,11744.8,363.35,11301.6,12188.0,3.09,22.76,100.0,80.11,58.16,100.0,66.58,16,Monitor,0.12,-0.23,0.37,0.0,0.0,1,One Performance Issue,Medium,Monitor monthly score and create corrective-action targets for delivery and quality.
S00043,Supplier 043,R004,124,5,36058,188395656.0,24.1,4.1,28,124,0,100.0,22.58,0.0,5213.61,161.66,5018.4,5412.0,3.1,22.58,100.0,81.68,53.46,100.0,66.13,17,Monitor,-0.06,0.26,0.0,0.0,0.0,1,One Performance Issue,Medium,Monitor monthly score and create corrective-action targets for delivery and quality.
S00103,Supplier 103,R004,123,5,30896,17057913.6,24.24,4.24,28,123,0,100.0,22.76,0.0,551.03,16.95,530.4,572.0,3.08,22.76,100.0,68.13,70.47,100.0,66.03,18,Monitor,-0.06,0.04,1.11,0.0,0.0,1,One Performance Issue,Medium,Monitor monthly score and create corrective-action targets for delivery and quality.
S00007,Supplier 007,R008,120,5,30470,31039910.4,24.13,4.13,27,120,0,100.0,22.5,0.0,1016.32,31.46,979.2,1056.0,3.1,22.5,100.0,78.32,57.05,100.0,65.97,19,Monitor,-0.0,-0.2,-0.92,0.0,0.0,1,One Performance Issue,Medium,Monitor monthly score and create corrective-action targets for delivery and quality.
S00003,Supplier 003,R004,121,5,30192,16668787.2,24.0,4.0,27,121,0,100.0,22.31,0.0,550.86,17.19,530.4,572.0,3.12,22.31,100.0,90.6,39.83,100.0,65.79,20,Monitor,-0.13,0.07,-0.55,0.0,0.0,1,One Performance Issue,Medium,Monitor monthly score and create corrective-action targets for delivery and quality.
S00039,Supplier 039,R020,121,5,34498,164312601.6,24.03,4.03,27,121,0,100.0,22.31,0.0,4751.76,148.1,4569.6,4928.0,3.12,22.31,100.0,87.55,42.47,100.0,65.58,21,Monitor,0.0,-1.12,2.76,0.0,0.0,1,One Performance Issue,Medium,Monitor monthly score and create corrective-action targets for delivery and quality.
S00123,Supplier 123,R004,121,5,33112,94981964.8,24.15,4.15,27,121,0,100.0,22.31,0.0,2882.3,89.38,2774.4,2992.0,3.1,22.31,100.0,76.9,53.13,100.0,65.04,22,Monitor,-0.19,-0.22,-0.55,0.0,0.0,1,One Performance Issue,Medium,Monitor monthly score and create corrective-action targets for delivery and quality.
S00127,Supplier 127,R008,121,5,33346,111863115.2,24.15,4.15,27,121,0,100.0,22.31,0.0,3348.56,103.84,3223.2,3476.0,3.1,22.31,100.0,76.9,53.13,100.0,65.04,23,Monitor,-0.06,-0.29,2.76,0.0,0.0,0,Stable / Improving,Medium,Monitor monthly score and create corrective-action targets for delivery and quality.
S00019,Supplier 019,R020,121,5,32628,79053072.0,24.17,4.17,27,121,0,100.0,22.31,0.0,2417.55,74.92,2325.6,2508.0,3.1,22.31,100.0,75.37,54.44,100.0,64.94,24,Monitor,0.06,0.41,-0.55,0.0,0.0,2,Multiple Performance Issues,High,Monitor monthly score and create corrective-action targets for delivery and quality.
S00083,Supplier 083,R004,121,5,33822,335096872.0,24.17,4.17,27,121,0,100.0,22.31,0.0,9882.28,306.27,9506.4,10252.0,3.1,22.31,100.0,75.37,54.44,100.0,64.94,25,Monitor,-0.06,-0.33,2.02,0.0,0.0,0,Stable / Improving,Medium,Monitor monthly score and create corrective-action targets for delivery and quality.
S00015,Supplier 015,R016,121,5,31794,62199728.0,24.17,4.17,27,121,0,100.0,22.31,0.0,1951.01,60.47,1876.8,2024.0,3.1,22.31,100.0,75.37,54.44,100.0,64.94,26,Monitor,-0.06,0.33,-1.28,0.0,0.0,1,One Performance Issue,Medium,Monitor monthly score and create corrective-action targets for delivery and quality.
S00021,Supplier 021,R002,98,4,26660,69080000.0,23.9,3.9,22,98,2172,91.79,22.45,8.15,2602.04,81.2,2500.0,2700.0,3.12,22.45,91.79,100.0,39.84,91.85,64.85,27,Monitor,0.0,-0.29,0.92,-0.02,0.02,1,One Performance Issue,Medium,Monitor monthly score and create corrective-action targets for delivery and quality.
S00179,Supplier 179,R020,122,5,33616,314964364.8,24.15,4.15,27,122,0,100.0,22.13,0.0,9412.8,292.41,9057.6,9768.0,3.11,22.13,100.0,77.01,49.5,100.0,64.47,28,Monitor,0.0,-0.29,2.37,0.0,0.0,0,Stable / Improving,Medium,Monitor monthly score and create corrective-action targets for delivery and quality.
S00047,Supplier 047,R008,122,5,36112,204327059.2,24.15,4.15,27,122,0,100.0,22.13,0.0,5681.6,176.5,5467.2,5896.0,3.11,22.13,100.0,77.01,49.5,100.0,64.47,29,Monitor,0.12,0.36,-1.64,0.0,0.0,2,Multiple Performance Issues,High,Monitor monthly score and create corrective-action targets for delivery and quality.
S00175,Supplier 175,R016,122,5,33328,298756419.2,24.15,4.15,27,122,0,100.0,22.13,0.0,8946.4,277.92,8608.8,9284.0,3.11,22.13,100.0,77.01,49.5,100.0,64.47,30,Monitor,0.0,0.5,-3.47,0.0,0.0,1,One Performance Issue,Medium,Monitor monthly score and create corrective-action targets for delivery and quality.
S00011,Supplier 011,R012,122,5,31370,46349240.0,24.13,4.13,28,122,2534,91.88,22.95,8.08,1484.46,45.82,1428.0,1540.0,3.09,22.95,91.88,78.52,63.15,91.92,64.22,31,Monitor,0.06,-0.26,0.0,-0.0,0.0,1,One Performance Issue,Medium,Monitor monthly score and create corrective-action targets for delivery and quality.
S00191,Supplier 191,R012,122,5,35480,382198080.0,24.13,4.13,28,122,2936,91.64,22.95,8.28,10815.34,333.8,10404.0,11220.0,3.09,22.95,91.64,78.52,63.15,91.72,64.14,32,Monitor,-0.06,-0.26,0.75,-0.02,0.02,0,Stable / Improving,Medium,Monitor monthly score and create corrective-action targets for delivery and quality.
S00067,Supplier 067,R008,123,5,32468,258804806.4,24.13,4.13,27,123,0,100.0,21.95,0.0,8011.14,249.41,7711.2,8316.0,3.11,21.95,100.0,78.62,44.84,100.0,64.04,33,Monitor,-0.06,-0.84,2.7,0.0,0.0,0,Stable / Improving,Medium,Monitor monthly score and create corrective-action targets for delivery and quality.
S00027,Supplier 027,R008,123,5,33848,113588854.4,24.13,4.13,27,123,0,100.0,21.95,0.0,3348.57,104.25,3223.2,3476.0,3.11,21.95,100.0,78.62,44.84,100.0,64.04,34,Monitor,-0.06,-0.19,-0.56,0.0,0.0,1,One Performance Issue,Medium,Monitor monthly score and create corrective-action targets for delivery and quality.
S00087,Supplier 087,R008,123,5,35278,365903571.2,24.15,4.15,27,123,0,100.0,21.95,0.0,10348.77,321.99,9955.2,10736.0,3.11,21.95,100.0,77.12,46.14,100.0,63.93,35,Monitor,0.06,0.36,-1.27,0.0,0.0,2,Multiple Performance Issues,High,Monitor monthly score and create corrective-action targets for delivery and quality.
S00031,Supplier 031,R012,123,5,34390,131439600.0,24.1,4.1,28,123,2825,91.71,22.76,8.21,3813.66,118.03,3672.0,3960.0,3.1,22.76,91.71,81.61,57.29,91.79,63.85,36,Monitor,-0.13,-0.26,1.11,-0.0,0.0,0,Stable / Improving,Medium,Monitor monthly score and create corrective-action targets for delivery and quality.
S00093,Supplier 093,R014,121,5,34982,380211628.8,24.02,4.02,27,121,0,100.0,22.31,0.0,10843.69,340.25,10420.0,11253.6,3.14,22.31,100.0,89.08,28.28,100.0,63.75,37,Monitor,0.0,-0.56,2.76,0.0,0.0,1,One Performance Issue,Medium,Monitor monthly score and create corrective-action targets for delivery and quality.
S00071,Supplier 071,R012,123,5,33210,282372800.0,24.11,4.11,28,123,2706,91.79,22.76,8.15,8480.0,262.35,8160.0,8800.0,3.09,22.76,91.79,80.11,58.16,91.85,63.71,38,Monitor,0.0,-0.36,3.62,0.0,-0.0,1,One Performance Issue,Medium,Monitor monthly score and create corrective-action targets for delivery and quality.
S00131,Supplier 131,R012,123,5,34190,130895280.0,24.13,4.13,28,123,2809,91.71,22.76,8.22,3818.34,118.03,3672.0,3960.0,3.09,22.76,91.71,78.62,59.86,91.78,63.64,39,Monitor,0.13,0.46,-2.14,-0.01,0.01,2,Multiple Performance Issues,High,Monitor monthly score and create corrective-action targets for delivery and quality.
S00057,Supplier 057,R018,123,5,31388,211603760.0,23.97,3.97,28,123,0,100.0,22.76,0.0,6722.6,211.8,6460.0,6976.8,3.15,22.76,100.0,93.6,19.53,100.0,63.48,40,Monitor,0.13,-0.52,0.37,0.0,0.0,1,One Performance Issue,Medium,Monitor monthly score and create corrective-action targets for delivery and quality.
S00023,Supplier 023,R004,123,5,33606,96463059.2,24.28,4.28,27,123,0,100.0,21.95,0.0,2883.2,89.2,2774.4,2992.0,3.09,21.95,100.0,65.14,58.16,100.0,63.34,41,Monitor,0.12,-0.55,1.98,0.0,0.0,1,One Performance Issue,Medium,Monitor monthly score and create corrective-action targets for delivery and quality.
S00099,Supplier 099,R020,97,4,29156,343029708.8,24.1,4.1,21,97,0,100.0,21.65,0.0,11744.8,367.48,11301.6,12188.0,3.13,21.65,100.0,81.1,34.28,100.0,62.86,42,Monitor,0.0,0.13,-0.72,0.0,0.0,1,One Performance Issue,Medium,Monitor monthly score and create corrective-action targets for delivery and quality.
S00107,Supplier 107,R008,97,4,24382,24901824.0,24.12,4.12,21,97,0,100.0,21.65,0.0,1018.39,31.83,979.2,1056.0,3.13,21.65,100.0,79.2,36.6,100.0,62.82,43,Monitor,0.16,-0.48,0.17,0.0,0.0,1,One Performance Issue,Medium,Monitor monthly score and create corrective-action targets for delivery and quality.
S00005,Supplier 005,R006,120,5,30430,23464571.2,24.2,4.2,27,120,0,100.0,22.5,0.0,769.11,23.96,740.0,799.2,3.12,22.5,100.0,72.18,43.57,100.0,62.72,44,Monitor,-0.0,-0.12,-0.17,0.0,0.0,1,One Performance Issue,Medium,Monitor monthly score and create corrective-action targets for delivery and quality.
S00159,Supplier 159,R020,121,5,30768,218245219.2,24.17,4.17,26,121,0,100.0,21.49,0.0,7076.38,220.83,6813.6,7348.0,3.12,21.49,100.0,75.37,39.83,100.0,62.5,45,Monitor,-0.0,-0.12,-2.24,0.0,0.0,1,One Performance Issue,Medium,Monitor monthly score and create corrective-action targets for delivery and quality.
S00129,Supplier 129,R010,121,5,33538,118248083.2,23.98,3.98,28,121,0,100.0,23.14,0.0,3516.32,111.07,3380.0,3650.4,3.16,23.14,100.0,92.12,13.99,100.0,62.47,46,Monitor,0.19,-0.56,1.15,0.0,0.0,1,One Performance Issue,Medium,Monitor monthly score and create corrective-action targets for delivery and quality.
S00029,Supplier 029,R010,122,5,33766,118923272.0,24.15,4.15,28,122,0,100.0,22.95,0.0,3512.98,109.91,3380.0,3650.4,3.13,22.95,100.0,77.01,34.41,100.0,62.45,47,Monitor,-0.13,0.5,-1.78,0.0,0.0,1,One Performance Issue,Medium,Monitor monthly score and create corrective-action targets for delivery and quality.
S00195,Supplier 195,R016,121,5,35674,403383254.4,24.2,4.2,26,121,0,100.0,21.49,0.0,11285.43,351.75,10852.8,11704.0,3.12,21.49,100.0,72.33,42.47,100.0,62.28,48,Monitor,0.13,-0.85,4.37,0.0,0.0,1,One Performance Issue,Medium,Monitor monthly score and create corrective-action targets for delivery and quality.
S00185,Supplier 185,R006,123,5,34832,346243996.8,24.13,4.13,28,123,0,100.0,22.76,0.0,9918.5,310.92,9540.0,10303.2,3.13,22.76,100.0,78.62,30.3,100.0,62.1,49,Monitor,-0.19,0.33,0.37,0.0,0.0,1,One Performance Issue,Medium,Monitor monthly score and create corrective-action targets for delivery and quality.
S00177,Supplier 177,R018,97,4,26672,239197513.6,24.1,4.1,21,97,0,100.0,21.65,0.0,9013.54,282.74,8660.0,9352.8,3.14,21.65,100.0,81.1,28.86,100.0,62.04,50,Monitor,0.0,-0.7,3.4,0.0,0.0,1,One Performance Issue,Medium,Monitor monthly score and create corrective-action targets for delivery and quality.
S00053,Supplier 053,R014,122,5,30444,189640595.2,24.16,4.16,27,122,0,100.0,22.13,0.0,6260.8,195.8,6020.0,6501.6,3.13,22.13,100.0,75.5,35.31,100.0,62.04,51,Monitor,-0.13,-0.91,5.65,0.0,0.0,0,Stable / Improving,Medium,Monitor monthly score and create corrective-action targets for delivery and quality.
S00135,Supplier 135,R016,122,5,34398,146589460.8,24.16,4.16,26,122,0,100.0,21.31,0.0,4281.08,133.83,4120.8,4444.0,3.13,21.31,100.0,75.5,36.12,100.0,61.91,52,Monitor,-0.06,-0.12,-1.88,0.0,0.0,1,One Performance Issue,Medium,Monitor monthly score and create corrective-action targets for delivery and quality.
S00111,Supplier 111,R012,123,5,31830,47000520.0,24.0,4.0,27,123,2571,91.89,21.95,8.08,1484.0,46.47,1428.0,1540.0,3.13,21.95,91.89,90.6,32.7,91.92,61.77,53,Monitor,0.0,-1.24,5.24,0.0,-0.0,1,One Performance Issue,Medium,Monitor monthly score and create corrective-action targets for delivery and quality.
S00009,Supplier 009,R010,122,5,31526,38517182.4,24.18,4.18,26,122,0,100.0,21.31,0.0,1227.97,38.37,1180.0,1274.4,3.12,21.31,100.0,73.99,37.09,100.0,61.75,54,Monitor,0.0,-0.88,3.98,0.0,0.0,1,One Performance Issue,Medium,Monitor monthly score and create corrective-action targets for delivery and quality.
S00077,Supplier 077,R018,123,5,33748,302588713.6,24.15,4.15,27,123,0,100.0,21.95,0.0,9009.22,282.24,8660.0,9352.8,3.13,21.95,100.0,77.12,31.63,100.0,61.75,55,Monitor,-0.06,0.36,-1.27,0.0,0.0,1,One Performance Issue,Medium,Monitor monthly score and create corrective-action targets for delivery and quality.
S00091,Supplier 091,R012,122,5,35330,380017320.0,24.13,4.13,27,122,2924,91.63,22.13,8.28,10805.31,335.81,10404.0,11220.0,3.11,22.13,91.63,78.52,48.61,91.72,61.72,56,Monitor,-0.0,0.46,-4.19,0.01,-0.01,2,Multiple Performance Issues,High,Monitor monthly score and create corrective-action targets for delivery and quality.
S00151,Supplier 151,R012,122,5,30550,188227400.0,24.15,4.15,27,122,2444,92.0,22.13,8.0,6148.0,190.99,5916.0,6380.0,3.11,22.13,92.0,77.01,49.5,92.0,61.67,57,Monitor,-0.12,-0.36,1.64,0.0,0.0,0,Stable / Improving,Medium,Monitor monthly score and create corrective-action targets for delivery and quality.
S00033,Supplier 033,R014,123,5,34386,136142049.6,24.16,4.16,26,123,0,100.0,21.14,0.0,3976.53,124.45,3820.0,4125.6,3.13,21.14,100.0,75.62,33.81,100.0,61.54,58,Monitor,0.19,0.53,-5.48,0.0,0.0,2,Multiple Performance Issues,High,Monitor monthly score and create corrective-action targets for delivery and quality.
S00171,Supplier 171,R012,123,5,33010,280667200.0,24.15,4.15,27,123,2690,91.79,21.95,8.15,8482.6,263.93,8160.0,8800.0,3.11,21.95,91.79,77.12,46.14,91.85,61.06,59,Monitor,0.06,-0.16,-0.56,-0.01,0.01,2,Multiple Performance Issues,High,Monitor monthly score and create corrective-action targets for delivery and quality.
S00001,Supplier 001,R002,122,5,30850,9646800.0,23.98,3.98,28,122,2468,92.0,22.95,8.0,312.1,9.82,300.0,324.0,3.15,22.95,92.0,92.11,22.87,92.0,60.94,60,Monitor,-0.06,0.03,0.0,0.0,0.0,1,One Performance Issue,Medium,Monitor monthly score and create corrective-action targets for delivery and quality.
S00113,Supplier 113,R014,122,5,31814,53716089.6,24.13,4.13,28,122,0,100.0,22.95,0.0,1684.27,53.02,1620.0,1749.6,3.15,22.95,100.0,78.52,21.52,100.0,60.82,61,Monitor,0.06,-0.26,0.75,0.0,0.0,1,One Performance Issue,Medium,Monitor monthly score and create corrective-action targets for delivery and quality.
S00137,Supplier 137,R018,122,5,34892,154860542.4,24.13,4.13,28,122,0,100.0,22.95,0.0,4429.0,139.41,4260.0,4600.8,3.15,22.95,100.0,78.52,21.52,100.0,60.82,62,Monitor,-0.07,-0.19,1.51,0.0,0.0,0,Stable / Improving,Medium,Monitor monthly score and create corrective-action targets for delivery and quality.
S00069,Supplier 069,R010,121,5,32478,263408393.6,24.17,4.17,27,121,0,100.0,22.31,0.0,8091.2,254.09,7780.0,8402.4,3.14,22.31,100.0,75.37,26.49,100.0,60.74,63,Monitor,0.0,-0.12,0.19,0.0,0.0,0,Stable / Improving,Medium,Monitor monthly score and create corrective-action targets for delivery and quality.
S00045,Supplier 045,R006,121,5,35724,190112974.4,24.17,4.17,27,121,0,100.0,22.31,0.0,5345.6,167.87,5140.0,5551.2,3.14,22.31,100.0,75.37,26.49,100.0,60.74,63,Monitor,0.13,-0.19,-0.55,0.0,0.0,2,Multiple Performance Issues,High,Monitor monthly score and create corrective-action targets for delivery and quality.
S00063,Supplier 063,R004,123,5,32326,244643484.8,24.31,4.31,26,123,0,100.0,21.14,0.0,7549.52,234.9,7262.4,7832.0,3.11,21.14,100.0,62.14,46.14,100.0,60.69,64,Monitor,0.06,0.18,-2.22,0.0,0.0,2,Multiple Performance Issues,High,Monitor monthly score and create corrective-action targets for delivery and quality.
S00073,Supplier 073,R014,123,5,33456,286633372.8,24.11,4.11,28,123,0,100.0,22.76,0.0,8548.8,269.56,8220.0,8877.6,3.15,22.76,100.0,80.11,17.77,100.0,60.52,65,Monitor,0.13,0.36,-2.88,0.0,0.0,2,Multiple Performance Issues,High,Monitor monthly score and create corrective-action targets for delivery and quality.
S00097,Supplier 097,R018,122,5,35962,407188315.2,24.15,4.15,27,122,0,100.0,22.13,0.0,11297.96,355.4,10860.0,11728.8,3.15,22.13,100.0,77.01,22.87,100.0,60.47,66,Monitor,0.07,-0.81,3.09,0.0,0.0,1,One Performance Issue,Medium,Monitor monthly score and create corrective-action targets for delivery and quality.
S00165,Supplier 165,R006,122,5,32158,244413779.2,24.15,4.15,27,122,0,100.0,22.13,0.0,7636.01,240.21,7340.0,7927.2,3.15,22.13,100.0,77.01,22.87,100.0,60.47,67,Monitor,0.06,-0.82,2.37,0.0,0.0,1,One Performance Issue,Medium,Monitor monthly score and create corrective-action targets for delivery and quality.
S00117,Supplier 117,R018,122,5,32002,68751923.2,24.15,4.15,27,122,0,100.0,22.13,0.0,2143.08,67.41,2060.0,2224.8,3.15,22.13,100.0,77.01,22.87,100.0,60.47,68,Monitor,0.06,0.3,-1.64,0.0,0.0,2,Multiple Performance Issues,High,Monitor monthly score and create corrective-action targets for delivery and quality.
S00189,Supplier 189,R010,121,5,34748,359349460.8,24.18,4.18,26,121,0,100.0,21.49,0.0,10385.8,325.88,9980.0,10778.4,3.14,21.49,100.0,73.85,28.28,100.0,60.46,69,Monitor,0.0,0.43,-2.95,0.0,0.0,2,Multiple Performance Issues,High,Monitor monthly score and create corrective-action targets for delivery and quality.
S00089,Supplier 089,R010,120,5,34510,356359452.8,24.15,4.15,28,120,0,100.0,23.33,0.0,10372.55,327.24,9980.0,10778.4,3.15,23.33,100.0,76.78,16.62,100.0,59.85,70,Monitor,-0.0,-0.22,1.56,0.0,0.0,0,Stable / Improving,Medium,Monitor monthly score and create corrective-action targets for delivery and quality.
S00065,Supplier 065,R006,121,5,31694,240716768.0,24.13,4.13,28,121,0,100.0,23.14,0.0,7631.17,241.2,7340.0,7927.2,3.16,23.14,100.0,78.42,12.63,100.0,59.52,71,Monitor,-0.07,-0.19,1.92,0.0,0.0,0,Stable / Improving,Medium,Monitor monthly score and create corrective-action targets for delivery and quality.
S00049,Supplier 049,R010,120,5,35910,208772352.0,24.17,4.17,27,120,0,100.0,22.5,0.0,5803.2,183.01,5580.0,6026.4,3.15,22.5,100.0,75.25,17.55,100.0,59.43,72,Monitor,0.0,-0.33,2.42,0.0,0.0,0,Stable / Improving,Medium,Monitor monthly score and create corrective-action targets for delivery and quality.
S00025,Supplier 025,R006,120,5,32880,100751448.0,24.17,4.17,27,120,0,100.0,22.5,0.0,3057.6,96.42,2940.0,3175.2,3.15,22.5,100.0,75.25,17.55,100.0,59.43,72,Monitor,-0.13,-0.26,3.17,0.0,0.0,0,Stable / Improving,Medium,Monitor monthly score and create corrective-action targets for delivery and quality.
S00161,Supplier 161,R002,123,5,31730,228216120.0,24.13,4.13,28,123,2563,91.89,22.76,8.08,7173.76,224.88,6900.0,7452.0,3.13,22.76,91.89,78.62,30.3,91.92,59.26,73,Monitor,-0.19,0.33,0.37,0.0,-0.0,2,Multiple Performance Issues,High,Monitor monthly score and create corrective-action targets for delivery and quality.
S00149,Supplier 149,R010,122,5,36306,211115059.2,24.11,4.11,28,122,0,100.0,22.95,0.0,5803.2,183.74,5580.0,6026.4,3.17,22.95,100.0,80.03,8.94,100.0,59.23,74,Monitor,0.0,-0.23,0.75,0.0,0.0,0,Stable / Improving,Medium,Monitor monthly score and create corrective-action targets for delivery and quality.
S00125,Supplier 125,R006,122,5,33228,101839012.8,24.11,4.11,28,122,0,100.0,22.95,0.0,3057.6,96.81,2940.0,3175.2,3.17,22.95,100.0,80.03,8.94,100.0,59.23,74,Monitor,0.0,-0.23,0.75,0.0,0.0,0,Stable / Improving,Medium,Monitor monthly score and create corrective-action targets for delivery and quality.
S00197,Supplier 197,R018,122,5,35712,404236132.8,24.11,4.11,28,122,0,100.0,22.95,0.0,11294.4,357.61,10860.0,11728.8,3.17,22.95,100.0,80.03,8.94,100.0,59.23,75,Monitor,0.13,-0.29,0.75,0.0,0.0,1,One Performance Issue,Medium,Monitor monthly score and create corrective-action targets for delivery and quality.
S00013,Supplier 013,R014,122,5,31764,53648827.2,24.11,4.11,28,122,0,100.0,22.95,0.0,1684.8,53.34,1620.0,1749.6,3.17,22.95,100.0,80.03,8.94,100.0,59.23,75,Monitor,-0.13,-0.36,3.28,0.0,0.0,0,Stable / Improving,Medium,Monitor monthly score and create corrective-action targets for delivery and quality.
S00173,Supplier 173,R014,122,5,33084,283403899.2,24.11,4.11,28,122,0,100.0,22.95,0.0,8548.8,270.67,8220.0,8877.6,3.17,22.95,100.0,80.03,8.94,100.0,59.23,76,Monitor,0.0,-0.22,1.51,0.0,0.0,0,Stable / Improving,Medium,Monitor monthly score and create corrective-action targets for delivery and quality.
S00153,Supplier 153,R014,121,5,30292,188737595.2,24.15,4.15,27,121,0,100.0,22.31,0.0,6262.79,197.83,6020.0,6501.6,3.16,22.31,100.0,76.9,13.99,100.0,59.17,77,Monitor,0.19,-0.23,-1.28,0.0,0.0,2,Multiple Performance Issues,High,Monitor monthly score and create corrective-action targets for delivery and quality.
S00017,Supplier 017,R018,121,5,32386,69562244.8,24.15,4.15,27,121,0,100.0,22.31,0.0,2143.08,67.7,2060.0,2224.8,3.16,22.31,100.0,76.9,13.99,100.0,59.17,78,Monitor,0.07,-0.16,-0.55,0.0,0.0,2,Multiple Performance Issues,High,Monitor monthly score and create corrective-action targets for delivery and quality.
S00051,Supplier 051,R012,122,5,30450,187589400.0,24.16,4.16,26,122,2436,92.0,21.31,8.0,6146.1,192.14,5916.0,6380.0,3.13,21.31,92.0,75.5,36.12,92.0,59.11,79,Monitor,0.06,-0.13,-2.58,0.0,0.0,2,Multiple Performance Issues,High,Monitor monthly score and create corrective-action targets for delivery and quality.
S00101,Supplier 101,R002,124,5,31050,9708600.0,24.11,4.11,28,124,2484,92.0,22.58,8.0,312.0,9.8,300.0,324.0,3.14,22.58,92.0,80.2,26.49,92.0,58.99,80,Monitor,0.0,-0.22,0.73,0.0,0.0,0,Stable / Improving,Medium,Monitor monthly score and create corrective-action targets for delivery and quality.
S00169,Supplier 169,R010,123,5,32914,266988438.4,24.1,4.1,28,123,0,100.0,22.76,0.0,8093.73,256.67,7780.0,8402.4,3.17,22.76,100.0,81.61,5.53,100.0,58.98,81,Monitor,0.06,-0.26,1.11,0.0,0.0,1,One Performance Issue,Medium,Monitor monthly score and create corrective-action targets for delivery and quality.
S00145,Supplier 145,R006,122,5,35618,189677513.6,24.13,4.13,27,122,0,100.0,22.13,0.0,5348.97,169.22,5140.0,5551.2,3.16,22.13,100.0,78.52,10.72,100.0,58.95,82,Monitor,0.0,0.33,-0.91,0.0,0.0,2,Multiple Performance Issues,High,Monitor monthly score and create corrective-action targets for delivery and quality.
S00193,Supplier 193,R014,122,5,35474,385501654.4,24.13,4.13,27,122,0,100.0,22.13,0.0,10843.63,343.05,10420.0,11253.6,3.16,22.13,100.0,78.52,10.72,100.0,58.95,83,Monitor,0.13,-0.19,-0.91,0.0,0.0,2,Multiple Performance Issues,High,Monitor monthly score and create corrective-action targets for delivery and quality.
S00037,Supplier 037,R018,122,5,34892,154998225.6,24.13,4.13,27,122,0,100.0,22.13,0.0,4433.19,140.25,4260.0,4600.8,3.16,22.13,100.0,78.52,10.72,100.0,58.95,83,Monitor,0.0,-0.32,2.37,0.0,0.0,1,One Performance Issue,Medium,Monitor monthly score and create corrective-action targets for delivery and quality.
S00105,Supplier 105,R006,122,5,31238,24117961.6,24.13,4.13,27,122,0,100.0,22.13,0.0,770.09,24.36,740.0,799.2,3.16,22.13,100.0,78.52,10.72,100.0,58.95,84,Monitor,0.13,-0.19,-0.19,0.0,0.0,2,Multiple Performance Issues,High,Monitor monthly score and create corrective-action targets for delivery and quality.
S00141,Supplier 141,R002,122,5,35180,172426080.0,24.18,4.18,26,122,2912,91.63,21.31,8.28,4891.08,152.83,4700.0,5076.0,3.12,21.31,91.63,73.99,37.09,91.72,58.83,85,Monitor,0.25,-0.81,0.7,-0.0,0.0,1,One Performance Issue,Medium,Monitor monthly score and create corrective-action targets for delivery and quality.
S00157,Supplier 157,R018,121,5,30576,205990278.4,24.12,4.12,28,121,0,100.0,23.14,0.0,6718.4,213.6,6460.0,6976.8,3.18,23.14,100.0,79.94,0.0,100.0,57.93,86,Monitor,0.13,-0.29,1.15,0.0,0.0,1,One Performance Issue,Medium,Monitor monthly score and create corrective-action targets for delivery and quality.
S00109,Supplier 109,R010,121,5,31218,38110129.6,24.12,4.12,28,121,0,100.0,23.14,0.0,1227.2,39.02,1180.0,1274.4,3.18,23.14,100.0,79.94,0.0,100.0,57.93,87,Monitor,0.0,-0.23,1.15,0.0,0.0,0,Stable / Improving,Medium,Monitor monthly score and create corrective-action targets for delivery and quality.
S00085,Supplier 085,R006,121,5,34464,342777542.4,24.12,4.12,28,121,0,100.0,23.14,0.0,9921.6,315.45,9540.0,10303.2,3.18,23.14,100.0,79.94,0.0,100.0,57.93,88,Monitor,0.13,-0.3,0.38,0.0,0.0,1,One Performance Issue,Medium,Monitor monthly score and create corrective-action targets for delivery and quality.
S00133,Supplier 133,R014,121,5,33822,133764481.6,24.12,4.12,28,121,0,100.0,23.14,0.0,3972.8,126.31,3820.0,4125.6,3.18,23.14,100.0,79.94,0.0,100.0,57.93,88,Monitor,0.0,-0.22,1.92,0.0,0.0,0,Stable / Improving,Medium,Monitor monthly score and create corrective-action targets for delivery and quality.
S00181,Supplier 181,R002,123,5,34290,325266760.0,24.11,4.11,28,123,2817,91.71,22.76,8.22,9464.0,298.42,9100.0,9828.0,3.15,22.76,91.71,80.11,17.77,91.78,57.62,89,Monitor,0.13,-0.29,0.37,-0.01,0.01,1,One Performance Issue,Medium,Monitor monthly score and create corrective-action targets for delivery and quality.
S00041,Supplier 041,R002,123,5,35670,174712160.0,24.11,4.11,28,123,2952,91.64,22.76,8.28,4888.0,154.13,4700.0,5076.0,3.15,22.76,91.64,80.11,17.77,91.72,57.6,90,Monitor,0.0,-0.23,0.37,0.01,-0.01,1,One Performance Issue,Medium,Monitor monthly score and create corrective-action targets for delivery and quality.
S00081,Supplier 081,R002,122,5,34110,323941800.0,24.16,4.16,26,122,2802,91.71,21.31,8.21,9472.95,297.68,9100.0,9828.0,3.14,21.31,91.71,75.5,25.08,91.79,57.36,91,Monitor,0.06,-0.26,0.0,0.02,-0.02,2,Multiple Performance Issues,High,Monitor monthly score and create corrective-action targets for delivery and quality.
S00061,Supplier 061,R002,122,5,31670,228028440.0,24.13,4.13,27,122,2558,91.89,22.13,8.08,7180.52,227.16,6900.0,7452.0,3.16,22.13,91.89,78.52,10.72,91.92,56.12,92,Monitor,0.13,-0.19,-0.19,0.01,-0.01,3,Cost Up + Delivery Down + Quality Down,Critical,Renegotiate pricing and SLA immediately; conduct quality audit and evaluate alternate supplier.
S00012,Supplier 012,R013,121,5,31231,50237111.1,24.65,4.65,0,121,0,100.0,0.0,0.0,1616.2,49.0,1555.3,1676.1,3.03,0.0,100.0,30.45,100.0,100.0,56.09,93,Monitor,0.06,-0.53,0.0,0.0,0.0,1,One Performance Issue,Medium,Monitor monthly score and create corrective-action targets for delivery and quality.
S00121,Supplier 121,R002,97,4,26190,67744000.0,24.29,4.29,21,97,2134,91.79,21.65,8.15,2600.0,81.65,2500.0,2700.0,3.14,21.65,91.79,64.01,26.49,91.85,55.4,94,Monitor,-0.16,0.5,-1.62,-0.01,0.01,1,One Performance Issue,Medium,Monitor monthly score and create corrective-action targets for delivery and quality.
S00120,Supplier 120,R001,120,5,31780,81516590.4,24.68,4.68,0,120,0,100.0,0.0,0.0,2558.1,77.89,2461.7,2652.9,3.04,0.0,100.0,27.65,91.37,100.0,54.24,95,Renegotiate,0.06,-0.48,0.0,0.0,0.0,1,One Performance Issue,High,"Renegotiate price, lead time and rejection terms before contract renewal."
S00048,Supplier 048,R009,121,5,36137,210761014.5,24.69,4.69,0,121,0,100.0,0.0,0.0,5856.52,178.61,5634.1,6071.7,3.05,0.0,100.0,27.41,87.97,100.0,53.68,96,Renegotiate,0.25,-0.53,0.0,0.0,0.0,1,One Performance Issue,High,"Renegotiate price, lead time and rejection terms before contract renewal."
S00084,Supplier 084,R005,121,5,34343,347529919.5,24.69,4.69,0,121,0,100.0,0.0,0.0,10096.33,307.92,9712.9,10467.3,3.05,0.0,100.0,27.41,87.97,100.0,53.68,97,Renegotiate,0.0,-0.6,0.0,0.0,0.0,1,One Performance Issue,High,"Renegotiate price, lead time and rejection terms before contract renewal."
S00056,Supplier 056,R017,121,5,30755,207858677.5,24.78,4.78,0,121,0,100.0,0.0,0.0,6792.4,206.08,6540.5,7048.5,3.03,0.0,100.0,19.03,98.73,100.0,53.62,98,Renegotiate,-0.19,-0.29,0.0,0.0,0.0,0,Stable / Improving,High,"Renegotiate price, lead time and rejection terms before contract renewal."
S00164,Supplier 164,R005,121,5,31673,245513375.7,24.78,4.78,0,121,0,100.0,0.0,0.0,7733.71,234.64,7446.9,8025.3,3.03,0.0,100.0,19.03,98.73,100.0,53.62,99,Renegotiate,-0.19,-0.29,0.0,0.0,0.0,0,Stable / Improving,High,"Renegotiate price, lead time and rejection terms before contract renewal."
S00080,Supplier 080,R001,121,5,33409,319943222.1,24.79,4.79,0,121,0,100.0,0.0,0.0,9622.27,291.76,9259.7,9978.9,3.03,0.0,100.0,17.51,100.0,100.0,53.5,100,Renegotiate,-0.06,-0.82,0.0,0.0,0.0,0,Stable / Improving,High,"Renegotiate price, lead time and rejection terms before contract renewal."
S00036,Supplier 036,R017,121,5,34285,151609252.5,24.79,4.79,0,121,0,100.0,0.0,0.0,4441.87,134.68,4274.5,4606.5,3.03,0.0,100.0,17.51,100.0,100.0,53.5,101,Renegotiate,0.19,-0.19,0.0,0.0,0.0,1,One Performance Issue,High,"Renegotiate price, lead time and rejection terms before contract renewal."
S00168,Supplier 168,R009,121,5,32407,264877083.9,24.79,4.79,0,121,0,100.0,0.0,0.0,8209.44,248.92,7900.1,8513.7,3.03,0.0,100.0,17.51,100.0,100.0,53.5,102,Renegotiate,0.06,-0.76,0.0,0.0,0.0,1,One Performance Issue,High,"Renegotiate price, lead time and rejection terms before contract renewal."
S00188,Supplier 188,R009,122,5,34714,367213547.4,24.76,4.76,0,122,0,100.0,0.0,0.0,10554.43,320.95,10166.1,10955.7,3.04,0.0,100.0,20.38,94.0,100.0,53.18,103,Renegotiate,-0.12,0.25,0.0,0.0,0.0,1,One Performance Issue,High,"Renegotiate price, lead time and rejection terms before contract renewal."
S00008,Supplier 008,R009,122,5,31054,35608765.4,24.76,4.76,0,122,0,100.0,0.0,0.0,1144.2,34.79,1102.1,1187.7,3.04,0.0,100.0,20.38,94.0,100.0,53.18,104,Renegotiate,-0.0,-0.25,0.0,0.0,0.0,0,Stable / Improving,High,"Renegotiate price, lead time and rejection terms before contract renewal."
S00104,Supplier 104,R005,122,5,30816,20812125.6,24.78,4.78,0,122,0,100.0,0.0,0.0,674.1,20.49,648.9,699.3,3.04,0.0,100.0,18.87,94.84,100.0,53.0,105,Renegotiate,0.0,0.33,0.0,0.0,0.0,2,Multiple Performance Issues,High,"Renegotiate price, lead time and rejection terms before contract renewal."
S00192,Supplier 192,R013,122,5,35502,390121533.4,24.78,4.78,0,122,0,100.0,0.0,0.0,11031.7,335.33,10619.3,11444.1,3.04,0.0,100.0,18.87,94.84,100.0,53.0,106,Renegotiate,-0.12,0.27,0.0,0.0,0.0,1,One Performance Issue,High,"Renegotiate price, lead time and rejection terms before contract renewal."
S00144,Supplier 144,R005,122,5,35496,191475601.6,24.78,4.78,0,122,0,100.0,0.0,0.0,5382.1,163.6,5180.9,5583.3,3.04,0.0,100.0,18.87,94.84,100.0,53.0,106,Renegotiate,0.12,0.34,0.0,0.0,0.0,2,Multiple Performance Issues,High,"Renegotiate price, lead time and rejection terms before contract renewal."
S00156,Supplier 156,R017,123,5,30965,209556032.5,24.67,4.67,0,123,0,100.0,0.0,0.0,6798.63,208.2,6540.5,7048.5,3.06,0.0,100.0,28.44,79.46,100.0,52.61,107,Renegotiate,0.12,-0.56,0.0,0.0,0.0,1,One Performance Issue,High,"Renegotiate price, lead time and rejection terms before contract renewal."
S00124,Supplier 124,R005,120,5,32560,98178699.6,24.82,4.82,0,120,0,100.0,0.0,0.0,3029.04,92.23,2914.9,3141.3,3.04,0.0,100.0,14.6,91.37,100.0,51.63,108,Renegotiate,-0.06,-0.76,0.0,0.0,0.0,0,Stable / Improving,High,"Renegotiate price, lead time and rejection terms before contract renewal."
S00140,Supplier 140,R001,121,5,34819,171276813.9,24.79,4.79,0,121,0,100.0,0.0,0.0,4908.27,149.88,4727.7,5094.9,3.05,0.0,100.0,17.51,85.41,100.0,51.31,109,Renegotiate,-0.13,-0.2,0.0,0.0,0.0,0,Stable / Improving,High,"Renegotiate price, lead time and rejection terms before contract renewal."
S00108,Supplier 108,R009,121,5,30997,35628763.7,24.84,4.84,0,121,0,100.0,0.0,0.0,1146.31,34.92,1102.1,1187.7,3.05,0.0,100.0,12.94,90.53,100.0,51.17,110,Renegotiate,0.13,-0.16,0.0,0.0,0.0,1,One Performance Issue,High,"Renegotiate price, lead time and rejection terms before contract renewal."
S00128,Supplier 128,R009,121,5,33417,117125481.3,24.81,4.81,0,121,0,100.0,0.0,0.0,3498.9,106.8,3368.1,3629.7,3.05,0.0,100.0,15.99,86.26,100.0,51.14,111,Renegotiate,0.0,-0.29,0.0,0.0,0.0,1,One Performance Issue,High,"Renegotiate price, lead time and rejection terms before contract renewal."
S00152,Supplier 152,R013,121,5,29871,189297122.7,24.81,4.81,0,121,0,100.0,0.0,0.0,6323.7,193.02,6087.3,6560.1,3.05,0.0,100.0,15.99,86.26,100.0,51.14,112,Renegotiate,-0.12,-0.35,0.0,0.0,0.0,0,Stable / Improving,High,"Renegotiate price, lead time and rejection terms before contract renewal."
S00060,Supplier 060,R001,121,5,31439,229124815.5,24.83,4.83,0,121,0,100.0,0.0,0.0,7269.79,221.71,6993.7,7536.9,3.05,0.0,100.0,14.47,87.97,100.0,51.09,113,Renegotiate,0.13,0.31,0.0,0.0,0.0,2,Multiple Performance Issues,High,"Renegotiate price, lead time and rejection terms before contract renewal."
S00024,Supplier 024,R005,121,5,33083,99804619.5,24.83,4.83,0,121,0,100.0,0.0,0.0,3029.97,92.41,2914.9,3141.3,3.05,0.0,100.0,14.47,87.97,100.0,51.09,114,Renegotiate,0.25,-0.12,0.0,0.0,0.0,1,One Performance Issue,High,"Renegotiate price, lead time and rejection terms before contract renewal."
S00100,Supplier 100,R001,122,5,36278,434994465.0,24.8,4.8,0,122,0,100.0,0.0,0.0,11969.63,366.2,11525.7,12420.9,3.06,0.0,100.0,17.35,81.46,100.0,50.69,115,Renegotiate,-0.06,0.36,0.0,0.0,0.0,1,One Performance Issue,High,"Renegotiate price, lead time and rejection terms before contract renewal."
S00184,Supplier 184,R005,122,5,34076,344496760.0,24.8,4.8,0,122,0,100.0,0.0,0.0,10087.01,308.6,9712.9,10467.3,3.06,0.0,100.0,17.35,81.46,100.0,50.69,116,Renegotiate,0.06,-0.19,0.0,0.0,0.0,1,One Performance Issue,High,"Renegotiate price, lead time and rejection terms before contract renewal."
S00016,Supplier 016,R017,122,5,32330,67619175.0,24.8,4.8,0,122,0,100.0,0.0,0.0,2085.86,63.81,2008.5,2164.5,3.06,0.0,100.0,17.35,81.46,100.0,50.69,117,Renegotiate,-0.18,0.3,0.0,0.0,0.0,1,One Performance Issue,High,"Renegotiate price, lead time and rejection terms before contract renewal."
S00076,Supplier 076,R017,122,5,33350,305692425.0,24.8,4.8,0,122,0,100.0,0.0,0.0,9145.7,279.8,8806.5,9490.5,3.06,0.0,100.0,17.35,81.46,100.0,50.69,118,Renegotiate,0.06,-0.19,0.0,0.0,0.0,1,One Performance Issue,High,"Renegotiate price, lead time and rejection terms before contract renewal."
S00116,Supplier 116,R017,122,5,31880,66656850.0,24.8,4.8,0,122,0,100.0,0.0,0.0,2085.86,63.81,2008.5,2164.5,3.06,0.0,100.0,17.35,81.46,100.0,50.69,119,Renegotiate,0.06,-0.31,0.0,0.0,0.0,1,One Performance Issue,High,"Renegotiate price, lead time and rejection terms before contract renewal."
S00092,Supplier 092,R013,122,5,35102,385444505.0,24.8,4.8,0,122,0,100.0,0.0,0.0,11028.32,337.4,10619.3,11444.1,3.06,0.0,100.0,17.35,81.46,100.0,50.69,120,Renegotiate,0.06,-0.19,0.0,0.0,0.0,1,One Performance Issue,High,"Renegotiate price, lead time and rejection terms before contract renewal."
S00132,Supplier 132,R013,122,5,34182,136151286.6,24.83,4.83,0,122,0,100.0,0.0,0.0,3973.35,121.36,3821.3,4118.1,3.05,0.0,100.0,14.33,84.84,100.0,50.59,121,Renegotiate,0.19,-0.13,0.0,0.0,0.0,1,One Performance Issue,High,"Renegotiate price, lead time and rejection terms before contract renewal."
S00148,Supplier 148,R009,122,5,36334,211838112.2,24.81,4.81,0,122,0,100.0,0.0,0.0,5854.69,179.01,5634.1,6071.7,3.06,0.0,100.0,15.84,82.73,100.0,50.58,122,Renegotiate,-0.06,0.34,0.0,0.0,0.0,1,One Performance Issue,High,"Renegotiate price, lead time and rejection terms before contract renewal."
S00176,Supplier 176,R017,122,5,33400,306252450.0,24.81,4.81,0,122,0,100.0,0.0,0.0,9151.3,279.8,8806.5,9490.5,3.06,0.0,100.0,15.84,82.73,100.0,50.58,123,Renegotiate,-0.06,0.34,0.0,0.0,0.0,1,One Performance Issue,High,"Renegotiate price, lead time and rejection terms before contract renewal."
S00096,Supplier 096,R017,122,5,36190,417326825.0,24.81,4.81,0,122,0,100.0,0.0,0.0,11506.02,351.8,11072.5,11932.5,3.06,0.0,100.0,15.84,82.73,100.0,50.58,124,Renegotiate,0.06,-0.16,0.0,0.0,0.0,1,One Performance Issue,High,"Renegotiate price, lead time and rejection terms before contract renewal."
S00196,Supplier 196,R017,122,5,36190,417262325.0,24.81,4.81,0,122,0,100.0,0.0,0.0,11506.02,351.8,11072.5,11932.5,3.06,0.0,100.0,15.84,82.73,100.0,50.58,124,Renegotiate,0.06,-0.84,0.0,0.0,0.0,1,One Performance Issue,High,"Renegotiate price, lead time and rejection terms before contract renewal."
S00068,Supplier 068,R009,122,5,32374,264437516.2,24.81,4.81,0,122,0,100.0,0.0,0.0,8209.41,251.01,7900.1,8513.7,3.06,0.0,100.0,15.84,82.73,100.0,50.58,125,Renegotiate,0.06,-0.16,0.0,0.0,0.0,1,One Performance Issue,High,"Renegotiate price, lead time and rejection terms before contract renewal."
S00072,Supplier 072,R013,122,5,33112,288170034.8,24.81,4.81,0,122,0,100.0,0.0,0.0,8680.36,265.4,8353.3,9002.1,3.06,0.0,100.0,15.84,82.73,100.0,50.58,126,Renegotiate,0.06,-0.28,0.0,0.0,0.0,1,One Performance Issue,High,"Renegotiate price, lead time and rejection terms before contract renewal."
S00032,Supplier 032,R013,123,5,34263,136155849.9,24.89,4.89,0,123,0,100.0,0.0,0.0,3966.08,120.86,3821.3,4118.1,3.05,0.0,100.0,8.96,89.56,100.0,50.23,127,Renegotiate,-0.19,-0.01,0.0,0.0,0.0,0,Stable / Improving,High,"Renegotiate price, lead time and rejection terms before contract renewal."
S00044,Supplier 044,R005,123,5,35889,193570646.9,24.8,4.8,0,123,0,100.0,0.0,0.0,5382.1,164.95,5180.9,5583.3,3.06,0.0,100.0,17.2,77.79,100.0,50.11,128,Renegotiate,-0.0,-0.31,0.0,0.0,0.0,0,Stable / Improving,High,"Renegotiate price, lead time and rejection terms before contract renewal."
S00172,Supplier 172,R013,123,5,33333,289967454.1,24.8,4.8,0,123,0,100.0,0.0,0.0,8677.7,265.95,8353.3,9002.1,3.06,0.0,100.0,17.2,77.79,100.0,50.11,129,Renegotiate,0.0,-0.19,0.0,0.0,0.0,1,One Performance Issue,High,"Renegotiate price, lead time and rejection terms before contract renewal."
S00004,Supplier 004,R005,120,5,30360,20519856.0,24.84,4.84,0,120,0,100.0,0.0,0.0,674.1,20.66,648.9,699.3,3.07,0.0,100.0,13.06,77.57,100.0,49.25,130,Renegotiate,0.0,-0.23,0.0,0.0,0.0,0,Stable / Improving,High,"Renegotiate price, lead time and rejection terms before contract renewal."
S00020,Supplier 020,R001,120,5,32330,82924921.8,24.86,4.86,0,120,0,100.0,0.0,0.0,2558.89,78.37,2461.7,2652.9,3.06,0.0,100.0,11.53,79.3,100.0,49.2,131,Renegotiate,0.13,-0.19,0.0,0.0,0.0,1,One Performance Issue,High,"Renegotiate price, lead time and rejection terms before contract renewal."
S00052,Supplier 052,R013,121,5,30071,190608906.3,24.83,4.83,0,121,0,100.0,0.0,0.0,6321.75,194.21,6087.3,6560.1,3.07,0.0,100.0,14.47,72.81,100.0,48.82,132,Renegotiate,0.06,-0.12,0.0,0.0,0.0,1,One Performance Issue,High,"Renegotiate price, lead time and rejection terms before contract renewal."
S00064,Supplier 064,R005,121,5,31923,247795019.1,24.86,4.86,0,121,0,100.0,0.0,0.0,7743.27,237.49,7446.9,8025.3,3.07,0.0,100.0,11.42,76.24,100.0,48.72,133,Renegotiate,0.19,-0.06,0.0,0.0,0.0,1,One Performance Issue,High,"Renegotiate price, lead time and rejection terms before contract renewal."
S00180,Supplier 180,R001,121,5,33559,321458037.1,24.84,4.84,0,121,0,100.0,0.0,0.0,9622.27,295.43,9259.7,9978.9,3.07,0.0,100.0,12.94,74.1,100.0,48.7,134,Renegotiate,0.06,-0.22,0.0,0.0,0.0,1,One Performance Issue,High,"Renegotiate price, lead time and rejection terms before contract renewal."
S00030,Supplier 030,R011,122,5,33888,124418779.2,24.69,4.69,0,122,0,100.0,0.0,0.0,3662.21,113.49,3524.9,3804.1,3.1,0.0,100.0,27.17,54.65,100.0,48.63,135,Renegotiate,-0.13,-0.41,0.0,0.0,0.0,0,Stable / Improving,High,"Renegotiate price, lead time and rejection terms before contract renewal."
S00102,Supplier 102,R003,123,5,30773,13269900.1,24.67,4.67,0,123,0,100.0,0.0,0.0,430.37,13.36,414.1,446.9,3.1,0.0,100.0,28.44,50.58,100.0,48.27,136,Renegotiate,-0.06,-0.44,0.0,0.0,0.0,0,Stable / Improving,High,"Renegotiate price, lead time and rejection terms before contract renewal."
S00200,Supplier 200,R001,122,5,36378,436348007.4,24.83,4.83,0,122,0,100.0,0.0,0.0,11973.3,368.47,11525.7,12420.9,3.08,0.0,100.0,14.33,69.21,100.0,48.25,137,Renegotiate,0.12,-0.12,0.0,0.0,0.0,1,One Performance Issue,High,"Renegotiate price, lead time and rejection terms before contract renewal."
S00028,Supplier 028,R009,122,5,33894,118820616.6,24.83,4.83,0,122,0,100.0,0.0,0.0,3498.9,107.68,3368.1,3629.7,3.08,0.0,100.0,14.33,69.21,100.0,48.25,138,Renegotiate,0.0,-0.13,0.0,0.0,0.0,1,One Performance Issue,High,"Renegotiate price, lead time and rejection terms before contract renewal."
S00040,Supplier 040,R001,122,5,34958,172190086.2,24.84,4.84,0,122,0,100.0,0.0,0.0,4914.31,151.11,4727.7,5094.9,3.07,0.0,100.0,12.82,70.9,100.0,48.2,139,Renegotiate,0.0,-0.15,0.0,0.0,0.0,1,One Performance Issue,High,"Renegotiate price, lead time and rejection terms before contract renewal."
S00088,Supplier 088,R009,122,5,34964,370366222.8,24.84,4.84,0,122,0,100.0,0.0,0.0,10567.37,324.94,10166.1,10955.7,3.07,0.0,100.0,12.82,70.9,100.0,48.2,140,Renegotiate,0.12,-0.22,0.0,0.0,0.0,1,One Performance Issue,High,"Renegotiate price, lead time and rejection terms before contract renewal."
S00112,Supplier 112,R013,123,5,32053,51553136.5,24.83,4.83,0,123,0,100.0,0.0,0.0,1616.19,49.82,1555.3,1676.1,3.08,0.0,100.0,14.21,65.88,100.0,47.72,141,Renegotiate,0.06,-0.25,0.0,0.0,0.0,1,One Performance Issue,High,"Renegotiate price, lead time and rejection terms before contract renewal."
S00136,Supplier 136,R017,123,5,35155,155439287.5,24.83,4.83,0,123,0,100.0,0.0,0.0,4441.85,136.91,4274.5,4606.5,3.08,0.0,100.0,14.21,65.88,100.0,47.72,142,Renegotiate,0.06,-0.12,0.0,0.0,0.0,1,One Performance Issue,High,"Renegotiate price, lead time and rejection terms before contract renewal."
S00138,Supplier 138,R019,121,5,34377,157879054.1,24.67,4.67,0,121,0,100.0,0.0,0.0,4582.72,142.61,4413.7,4763.3,3.11,0.0,100.0,28.93,45.88,100.0,47.67,143,Renegotiate,-0.26,-1.02,0.0,0.0,0.0,0,Stable / Improving,High,"Renegotiate price, lead time and rejection terms before contract renewal."
S00160,Supplier 160,R001,120,5,30830,224394154.6,24.86,4.86,0,120,0,100.0,0.0,0.0,7263.04,224.07,6993.7,7536.9,3.09,0.0,100.0,11.53,64.06,100.0,46.92,144,Renegotiate,0.06,-0.06,0.0,0.0,0.0,1,One Performance Issue,High,"Renegotiate price, lead time and rejection terms before contract renewal."
S00010,Supplier 010,R011,120,5,31080,41912100.0,24.89,4.89,0,120,0,100.0,0.0,0.0,1354.5,41.78,1302.9,1406.1,3.08,0.0,100.0,8.46,64.61,100.0,46.38,145,Renegotiate,0.0,-0.19,0.0,0.0,0.0,0,Stable / Improving,High,"Renegotiate price, lead time and rejection terms before contract renewal."
S00078,Supplier 078,R019,122,5,33594,307752805.8,24.83,4.83,0,122,0,100.0,0.0,0.0,9202.75,285.18,8857.7,9559.3,3.1,0.0,100.0,14.33,54.65,100.0,46.06,146,Renegotiate,-0.25,-0.25,0.0,0.0,0.0,0,Stable / Improving,High,"Renegotiate price, lead time and rejection terms before contract renewal."
S00054,Supplier 054,R015,122,5,30516,195274582.8,24.83,4.83,0,122,0,100.0,0.0,0.0,6432.48,199.34,6191.3,6681.7,3.1,0.0,100.0,14.33,54.65,100.0,46.06,147,Renegotiate,-0.25,-0.25,0.0,0.0,0.0,0,Stable / Improving,High,"Renegotiate price, lead time and rejection terms before contract renewal."
S00034,Supplier 034,R015,122,5,34376,141200184.0,24.84,4.84,0,122,0,100.0,0.0,0.0,4126.5,127.82,3969.3,4283.7,3.1,0.0,100.0,12.82,55.54,100.0,45.9,148,Renegotiate,0.0,-0.09,0.0,0.0,0.0,0,Stable / Improving,High,"Renegotiate price, lead time and rejection terms before contract renewal."
S00166,Supplier 166,R007,122,5,32180,250580750.0,24.84,4.84,0,122,0,100.0,0.0,0.0,7822.5,242.31,7524.5,8120.5,3.1,0.0,100.0,12.82,55.54,100.0,45.9,149,Renegotiate,0.0,-0.09,0.0,0.0,0.0,0,Stable / Improving,High,"Renegotiate price, lead time and rejection terms before contract renewal."
S00142,Supplier 142,R003,123,5,35443,179455279.9,24.83,4.83,0,123,0,100.0,0.0,0.0,5052.06,156.76,4858.1,5242.9,3.1,0.0,100.0,14.21,51.88,100.0,45.62,150,Renegotiate,0.19,-0.18,0.0,0.0,0.0,1,One Performance Issue,High,"Renegotiate price, lead time and rejection terms before contract renewal."
S00066,Supplier 066,R007,122,5,32130,249867785.0,24.64,4.64,0,122,0,100.0,0.0,0.0,7817.61,245.27,7524.5,8120.5,3.14,0.0,100.0,31.7,28.51,100.0,45.62,151,Renegotiate,-0.13,-0.52,0.0,0.0,0.0,0,Stable / Improving,High,"Renegotiate price, lead time and rejection terms before contract renewal."
S00190,Supplier 190,R011,120,5,34630,365470495.4,24.88,4.88,0,120,0,100.0,0.0,0.0,10597.86,328.83,10190.9,10998.1,3.1,0.0,100.0,9.99,52.01,100.0,44.8,152,Renegotiate,-0.06,-0.15,0.0,0.0,0.0,0,Stable / Improving,High,"Renegotiate price, lead time and rejection terms before contract renewal."
S00162,Supplier 162,R003,121,5,31481,232158371.7,24.83,4.83,0,121,0,100.0,0.0,0.0,7355.87,228.9,7080.1,7640.9,3.11,0.0,100.0,14.47,45.9,100.0,44.78,153,Renegotiate,-0.25,0.31,0.0,0.0,0.0,1,One Performance Issue,High,"Renegotiate price, lead time and rejection terms before contract renewal."
S00006,Supplier 006,R007,121,5,30605,27358822.5,24.83,4.83,0,121,0,100.0,0.0,0.0,891.94,27.76,858.5,926.5,3.11,0.0,100.0,14.47,45.9,100.0,44.78,154,Renegotiate,-0.0,0.37,0.0,0.0,0.0,1,One Performance Issue,High,"Renegotiate price, lead time and rejection terms before contract renewal."
S00114,Supplier 114,R015,122,5,31886,58011640.2,24.8,4.8,0,122,0,100.0,0.0,0.0,1814.8,56.59,1747.3,1885.7,3.12,0.0,100.0,17.35,41.41,100.0,44.68,155,Renegotiate,-0.07,0.3,0.0,0.0,0.0,1,One Performance Issue,High,"Renegotiate price, lead time and rejection terms before contract renewal."
S00118,Supplier 118,R019,121,5,31957,73000644.5,24.84,4.84,0,121,0,100.0,0.0,0.0,2278.5,70.87,2191.7,2365.3,3.11,0.0,100.0,12.94,46.79,100.0,44.61,156,Renegotiate,0.0,0.28,0.0,0.0,0.0,1,One Performance Issue,High,"Renegotiate price, lead time and rejection terms before contract renewal."
S00098,Supplier 098,R019,122,5,36034,415673265.4,24.81,4.81,0,122,0,100.0,0.0,0.0,11514.9,359.0,11079.7,11957.3,3.12,0.0,100.0,15.84,41.88,100.0,44.45,157,Renegotiate,-0.06,-0.16,0.0,0.0,0.0,0,Stable / Improving,High,"Renegotiate price, lead time and rejection terms before contract renewal."
S00126,Supplier 126,R007,122,5,33550,107623825.0,24.81,4.81,0,122,0,100.0,0.0,0.0,3201.5,99.81,3080.5,3324.5,3.12,0.0,100.0,15.84,41.88,100.0,44.45,158,Renegotiate,-0.06,-0.15,0.0,0.0,0.0,0,Stable / Improving,High,"Renegotiate price, lead time and rejection terms before contract renewal."
S00186,Supplier 186,R007,122,5,34720,352520290.0,24.81,4.81,0,122,0,100.0,0.0,0.0,10129.34,315.8,9746.5,10518.5,3.12,0.0,100.0,15.84,41.88,100.0,44.45,159,Renegotiate,-0.06,-0.34,0.0,0.0,0.0,0,Stable / Improving,High,"Renegotiate price, lead time and rejection terms before contract renewal."
S00070,Supplier 070,R011,122,5,32668,271247469.6,24.81,4.81,0,122,0,100.0,0.0,0.0,8281.91,258.21,7968.9,8600.1,3.12,0.0,100.0,15.84,41.88,100.0,44.45,160,Renegotiate,-0.06,-0.16,0.0,0.0,0.0,0,Stable / Improving,High,"Renegotiate price, lead time and rejection terms before contract renewal."
S00122,Supplier 122,R003,122,5,32962,89849928.6,24.81,4.81,0,122,0,100.0,0.0,0.0,2739.64,85.41,2636.1,2844.9,3.12,0.0,100.0,15.84,41.88,100.0,44.45,160,Renegotiate,-0.19,-0.28,0.0,0.0,0.0,0,Stable / Improving,High,"Renegotiate price, lead time and rejection terms before contract renewal."
S00074,Supplier 074,R015,122,5,33106,290037105.4,24.81,4.81,0,122,0,100.0,0.0,0.0,8743.77,272.6,8413.3,9079.7,3.12,0.0,100.0,15.84,41.88,100.0,44.45,161,Renegotiate,0.06,0.34,0.0,0.0,0.0,2,Multiple Performance Issues,High,"Renegotiate price, lead time and rejection terms before contract renewal."
S00082,Supplier 082,R003,122,5,34332,333013706.4,24.83,4.83,0,122,0,100.0,0.0,0.0,9673.52,301.4,9302.1,10038.9,3.12,0.0,100.0,14.33,43.2,100.0,44.35,162,Renegotiate,-0.06,-0.25,0.0,0.0,0.0,0,Stable / Improving,High,"Renegotiate price, lead time and rejection terms before contract renewal."
S00106,Supplier 106,R007,122,5,30660,27447520.0,24.83,4.83,0,122,0,100.0,0.0,0.0,892.78,27.82,858.5,926.5,3.12,0.0,100.0,14.33,43.2,100.0,44.35,163,Renegotiate,-0.06,-0.25,0.0,0.0,0.0,0,Stable / Improving,High,"Renegotiate price, lead time and rejection terms before contract renewal."
S00058,Supplier 058,R019,122,5,31254,216277698.6,24.83,4.83,0,122,0,100.0,0.0,0.0,6900.65,215.01,6635.7,7161.3,3.12,0.0,100.0,14.33,43.2,100.0,44.35,164,Renegotiate,0.06,-0.12,0.0,0.0,0.0,1,One Performance Issue,High,"Renegotiate price, lead time and rejection terms before contract renewal."
S00146,Supplier 146,R007,123,5,36435,199986937.5,24.8,4.8,0,123,0,100.0,0.0,0.0,5512.5,172.17,5302.5,5722.5,3.12,0.0,100.0,17.2,38.15,100.0,44.16,165,Renegotiate,-0.12,-0.31,0.0,0.0,0.0,0,Stable / Improving,High,"Renegotiate price, lead time and rejection terms before contract renewal."
S00042,Supplier 042,R003,97,4,28077,142025880.1,24.73,4.73,0,97,0,100.0,0.0,0.0,5048.52,158.3,4858.1,5242.9,3.14,0.0,100.0,23.17,29.69,100.0,44.09,166,Renegotiate,0.08,0.09,0.0,0.0,0.0,2,Multiple Performance Issues,High,"Renegotiate price, lead time and rejection terms before contract renewal."
S00198,Supplier 198,R019,97,4,28809,332408222.9,24.73,4.73,0,97,0,100.0,0.0,0.0,11513.98,361.04,11079.7,11957.3,3.14,0.0,100.0,23.17,29.69,100.0,44.09,167,Renegotiate,-0.08,-0.79,0.0,0.0,0.0,0,Stable / Improving,High,"Renegotiate price, lead time and rejection terms before contract renewal."
S00050,Supplier 050,R011,120,5,36130,216155020.2,24.82,4.82,0,120,0,100.0,0.0,0.0,5970.71,186.57,5746.9,6202.1,3.12,0.0,100.0,14.6,37.03,100.0,43.47,168,Renegotiate,-0.13,-0.32,0.0,0.0,0.0,0,Stable / Improving,High,"Renegotiate price, lead time and rejection terms before contract renewal."
S00090,Supplier 090,R011,121,5,34969,368494569.3,24.79,4.79,0,121,0,100.0,0.0,0.0,10584.49,331.44,10190.9,10998.1,3.13,0.0,100.0,17.51,32.6,100.0,43.39,169,Renegotiate,-0.07,0.3,0.0,0.0,0.0,1,One Performance Issue,High,"Renegotiate price, lead time and rejection terms before contract renewal."
S00178,Supplier 178,R019,121,5,33567,307636427.9,24.81,4.81,0,121,0,100.0,0.0,0.0,9205.6,288.2,8857.7,9559.3,3.13,0.0,100.0,15.99,33.07,100.0,43.16,170,Renegotiate,-0.06,-0.16,0.0,0.0,0.0,0,Stable / Improving,High,"Renegotiate price, lead time and rejection terms before contract renewal."
S00154,Supplier 154,R015,121,5,30513,195341828.9,24.81,4.81,0,121,0,100.0,0.0,0.0,6434.47,201.44,6191.3,6681.7,3.13,0.0,100.0,15.99,33.07,100.0,43.16,171,Renegotiate,0.06,-0.22,0.0,0.0,0.0,1,One Performance Issue,High,"Renegotiate price, lead time and rejection terms before contract renewal."
S00022,Supplier 022,R003,121,5,32841,89565308.1,24.81,4.81,0,121,0,100.0,0.0,0.0,2739.64,85.77,2636.1,2844.9,3.13,0.0,100.0,15.99,33.07,100.0,43.16,172,Renegotiate,0.06,-0.22,0.0,0.0,0.0,1,One Performance Issue,High,"Renegotiate price, lead time and rejection terms before contract renewal."
S00150,Supplier 150,R011,121,5,36429,218009448.1,24.81,4.81,0,121,0,100.0,0.0,0.0,5972.62,186.98,5746.9,6202.1,3.13,0.0,100.0,15.99,33.07,100.0,43.16,173,Renegotiate,-0.06,-0.16,0.0,0.0,0.0,0,Stable / Improving,High,"Renegotiate price, lead time and rejection terms before contract renewal."
S00018,Supplier 018,R019,121,5,32607,74445473.9,24.81,4.81,0,121,0,100.0,0.0,0.0,2277.78,71.31,2191.7,2365.3,3.13,0.0,100.0,15.99,33.07,100.0,43.16,174,Renegotiate,-0.06,-0.16,0.0,0.0,0.0,0,Stable / Improving,High,"Renegotiate price, lead time and rejection terms before contract renewal."
S00130,Supplier 130,R011,121,5,33659,123710413.9,24.83,4.83,0,121,0,100.0,0.0,0.0,3665.65,114.69,3524.9,3804.1,3.13,0.0,100.0,14.47,34.41,100.0,43.05,175,Renegotiate,0.19,0.37,0.0,0.0,0.0,2,Multiple Performance Issues,High,"Renegotiate price, lead time and rejection terms before contract renewal."
S00170,Supplier 170,R011,121,5,32399,269030931.9,24.83,4.83,0,121,0,100.0,0.0,0.0,8287.11,259.28,7968.9,8600.1,3.13,0.0,100.0,14.47,34.41,100.0,43.05,176,Renegotiate,0.07,-0.13,0.0,0.0,0.0,1,One Performance Issue,High,"Renegotiate price, lead time and rejection terms before contract renewal."
S00182,Supplier 182,R003,122,5,34332,332629465.2,24.78,4.78,0,122,0,100.0,0.0,0.0,9664.46,303.21,9302.1,10038.9,3.14,0.0,100.0,18.87,28.51,100.0,43.05,177,Renegotiate,-0.0,-0.84,0.0,0.0,0.0,0,Stable / Improving,High,"Renegotiate price, lead time and rejection terms before contract renewal."
S00062,Supplier 062,R003,122,5,31892,235315886.0,24.8,4.8,0,122,0,100.0,0.0,0.0,7360.5,230.83,7080.1,7640.9,3.14,0.0,100.0,17.35,29.41,100.0,42.88,178,Renegotiate,0.0,-0.19,0.0,0.0,0.0,0,Stable / Improving,High,"Renegotiate price, lead time and rejection terms before contract renewal."
S00046,Supplier 046,R007,122,5,35990,197565375.0,24.8,4.8,0,122,0,100.0,0.0,0.0,5512.5,172.88,5302.5,5722.5,3.14,0.0,100.0,17.35,29.41,100.0,42.88,179,Renegotiate,0.12,0.31,0.0,0.0,0.0,2,Multiple Performance Issues,High,"Renegotiate price, lead time and rejection terms before contract renewal."
S00038,Supplier 038,R019,122,5,34664,159387884.0,24.8,4.8,0,122,0,100.0,0.0,0.0,4588.5,143.9,4413.7,4763.3,3.14,0.0,100.0,17.35,29.41,100.0,42.88,180,Renegotiate,-0.12,-0.32,0.0,0.0,0.0,0,Stable / Improving,High,"Renegotiate price, lead time and rejection terms before contract renewal."
S00194,Supplier 194,R015,122,5,35696,395473104.0,24.8,4.8,0,122,0,100.0,0.0,0.0,11056.5,346.74,10635.3,11477.7,3.14,0.0,100.0,17.35,29.41,100.0,42.88,181,Renegotiate,0.0,-0.19,0.0,0.0,0.0,0,Stable / Improving,High,"Renegotiate price, lead time and rejection terms before contract renewal."
S00174,Supplier 174,R015,123,5,33329,292054214.9,24.76,4.76,0,123,0,100.0,0.0,0.0,8743.79,274.82,8413.3,9079.7,3.14,0.0,100.0,20.2,24.71,100.0,42.75,182,Renegotiate,-0.06,-0.26,0.0,0.0,0.0,0,Stable / Improving,High,"Renegotiate price, lead time and rejection terms before contract renewal."
S00094,Supplier 094,R015,121,5,35353,391786024.5,24.98,4.98,0,121,0,100.0,0.0,0.0,11056.5,343.91,10635.3,11477.7,3.11,0.0,100.0,0.0,46.79,100.0,42.02,183,Renegotiate,-0.13,-0.5,0.0,0.0,0.0,0,Stable / Improving,High,"Renegotiate price, lead time and rejection terms before contract renewal."
S00110,Supplier 110,R011,121,5,31439,42353576.7,24.78,4.78,0,121,0,100.0,0.0,0.0,1353.65,42.65,1302.9,1406.1,3.15,0.0,100.0,19.03,19.64,100.0,41.75,184,Renegotiate,-0.13,-0.79,0.0,0.0,0.0,0,Stable / Improving,High,"Renegotiate price, lead time and rejection terms before contract renewal."
S00026,Supplier 026,R007,121,5,33125,106253612.5,24.78,4.78,0,121,0,100.0,0.0,0.0,3200.48,100.83,3080.5,3324.5,3.15,0.0,100.0,19.03,19.64,100.0,41.75,185,Renegotiate,-0.13,-0.8,0.0,0.0,0.0,0,Stable / Improving,High,"Renegotiate price, lead time and rejection terms before contract renewal."
S00158,Supplier 158,R019,121,5,30647,211795710.3,24.78,4.78,0,121,0,100.0,0.0,0.0,6894.16,217.2,6635.7,7161.3,3.15,0.0,100.0,19.03,19.64,100.0,41.75,186,Renegotiate,-0.0,0.27,0.0,0.0,0.0,1,One Performance Issue,High,"Renegotiate price, lead time and rejection terms before contract renewal."
S00086,Supplier 086,R007,121,5,34735,352801587.5,24.79,4.79,0,121,0,100.0,0.0,0.0,10132.5,319.08,9746.5,10518.5,3.15,0.0,100.0,17.51,20.56,100.0,41.59,187,Renegotiate,0.0,-0.19,0.0,0.0,0.0,0,Stable / Improving,High,"Renegotiate price, lead time and rejection terms before contract renewal."
S00014,Supplier 014,R015,98,4,25724,46841826.0,24.89,4.89,0,98,0,100.0,0.0,0.0,1816.5,57.08,1747.3,1885.7,3.14,0.0,100.0,8.82,25.13,100.0,40.53,188,Renegotiate,0.0,-0.47,0.0,0.0,0.0,0,Stable / Improving,High,"Renegotiate price, lead time and rejection terms before contract renewal."
S00002,Supplier 002,R003,121,5,30021,12951904.1,24.76,4.76,0,121,0,100.0,0.0,0.0,430.36,13.64,414.1,446.9,3.17,0.0,100.0,20.56,6.99,100.0,40.16,189,Renegotiate,-0.06,0.3,0.0,0.0,0.0,1,One Performance Issue,High,"Renegotiate price, lead time and rejection terms before contract renewal."
S00134,Supplier 134,R015,122,5,34426,141362021.4,24.9,4.9,0,122,0,100.0,0.0,0.0,4125.21,130.19,3969.3,4283.7,3.16,0.0,100.0,7.54,15.9,100.0,38.89,190,Critical Review,-0.06,0.03,0.0,0.0,0.0,1,One Performance Issue,Critical,Place supplier under formal review and shift critical purchase volume to better-performing suppliers.
