Source_Row,Reject_Reasons,Invoice_ID,Order_ID,Customer_ID,Invoice_Date,Due_Date,Invoice_Amount,Tax_Amount,Invoice_Status
251,Invalid Foreign Key: Order_ID,INV0000250,O0000250,C000251,2026-05-09,2026-06-08,1949.05,350.83,Issued
751,Invalid Foreign Key: Order_ID,INV0000750,O0000750,C000751,2025-09-21,2025-10-21,1935.66,348.42,Issued
787,Invalid Foreign Key: Order_ID; Invalid Foreign Key: Customer_ID,INV0000786,O0000786,C000787,2025-10-27,2025-11-26,6598.07,1187.65,Issued
997,Invalid Foreign Key: Order_ID; Invalid Foreign Key: Customer_ID,INV0000996,O0000996,C000997,2026-05-25,2026-06-24,7340.62,1321.31,Issued
1251,Invalid Foreign Key: Order_ID,INV0001250,O0001250,C001251,2026-02-03,2026-03-05,1969.15,354.45,Issued
1574,Invalid Foreign Key: Order_ID; Invalid Foreign Key: Customer_ID,INV0001573,O0001573,C001574,2025-12-23,2026-01-22,11188.62,2013.95,Overdue
1751,Invalid Foreign Key: Order_ID,INV0001750,O0001750,C001751,2026-06-18,2026-07-18,1955.75,352.04,Issued
1778,Invalid Foreign Key: Order_ID,INV0001777,O0001777,C001778,2026-07-15,2026-08-14,8742.88,1573.72,Issued
1994,Invalid Foreign Key: Order_ID; Invalid Foreign Key: Customer_ID,INV0001993,O0001993,C001994,2026-02-16,2026-03-18,14138.54,2544.94,Issued
2202,Invalid Foreign Key: Order_ID,INV0002201,O0002201,C002202,2025-09-12,2025-10-12,283.48,51.03,Issued
2251,Invalid Foreign Key: Order_ID,INV0002250,O0002250,C002251,2025-10-31,2025-11-30,1942.36,349.62,Issued
2361,Invalid Foreign Key: Order_ID; Invalid Foreign Key: Customer_ID,INV0002360,O0002360,C002361,2026-02-18,2026-03-20,2301.86,414.34,Issued
2751,Invalid Foreign Key: Order_ID,INV0002750,O0002750,C002751,2026-03-15,2026-04-14,1928.96,347.21,Overdue
2991,Invalid Foreign Key: Order_ID; Invalid Foreign Key: Customer_ID,INV0002990,O0002990,C002991,2025-11-10,2025-12-10,3400.48,612.09,Issued
3148,Invalid Foreign Key: Order_ID; Invalid Foreign Key: Customer_ID,INV0003147,O0003147,C003148,2026-04-16,2026-05-16,5572.15,1002.99,Issued
3251,Invalid Foreign Key: Order_ID,INV0003250,O0003250,C003251,2026-07-28,2026-08-27,1962.45,353.24,Issued
3332,Invalid Foreign Key: Order_ID,INV0003331,O0003331,C003332,2025-10-17,2025-11-16,2471.15,444.81,Issued
3555,Invalid Foreign Key: Order_ID,INV0003554,O0003554,C003555,2026-05-28,2026-06-27,10482.75,1886.89,Issued
3751,Invalid Foreign Key: Order_ID,INV0003750,O0003750,C003751,2025-12-10,2026-01-09,1949.05,350.83,Issued
3935,Invalid Foreign Key: Order_ID; Invalid Foreign Key: Customer_ID,INV0003934,O0003934,C003935,2026-06-12,2026-07-12,6818.7,1227.37,Issued
3988,Invalid Foreign Key: Order_ID; Invalid Foreign Key: Customer_ID,INV0003987,O0003987,C003988,2026-08-04,2026-09-03,10042.65,1807.68,Issued
4251,Invalid Foreign Key: Order_ID,INV0004250,O0004250,C004251,2026-04-24,2026-05-24,1935.66,348.42,Issued
4403,Invalid Foreign Key: Order_ID,INV0004402,O0004402,C004403,2025-09-23,2025-10-23,531.77,95.72,Issued
4722,Invalid Foreign Key: Order_ID; Invalid Foreign Key: Customer_ID,INV0004721,O0004721,C004722,2026-08-08,2026-09-07,1753.37,315.61,Issued
4751,Invalid Foreign Key: Order_ID,INV0004750,O0004750,C004751,2025-09-06,2025-10-06,1969.15,354.45,Issued
4985,Invalid Foreign Key: Order_ID; Invalid Foreign Key: Customer_ID,INV0004984,O0004984,C004985,2026-04-28,2026-05-28,16068.88,2892.4,Issued
5251,Invalid Foreign Key: Order_ID,INV0005250,O0005250,C005251,2026-01-19,2026-02-18,1955.75,352.04,Issued
5332,Invalid Foreign Key: Order_ID,INV0005331,O0005331,C005332,2026-04-10,2026-05-10,2522.64,454.07,Issued
5509,Invalid Foreign Key: Order_ID; Invalid Foreign Key: Customer_ID,INV0005508,O0005508,C005509,2025-10-04,2025-11-03,1584.88,285.28,Issued
5751,Invalid Foreign Key: Order_ID,INV0005750,O0005750,C005751,2026-06-03,2026-07-03,1942.36,349.62,Issued
5982,Invalid Foreign Key: Order_ID; Invalid Foreign Key: Customer_ID,INV0005981,O0005981,C005982,2026-01-20,2026-02-19,6163.04,1109.35,Issued
6251,Invalid Foreign Key: Order_ID,INV0006250,O0006250,C006251,2025-10-16,2025-11-15,1928.96,347.21,Issued
6296,Invalid Foreign Key: Order_ID; Invalid Foreign Key: Customer_ID,INV0006295,O0006295,C006296,2025-11-30,2025-12-30,3633.18,653.97,Issued
6604,Invalid Foreign Key: Order_ID,INV0006603,O0006603,C006604,2025-10-04,2025-11-03,869.84,156.57,Issued
6663,Invalid Foreign Key: Order_ID,INV0006662,O0006662,C006663,2025-12-02,2026-01-01,7174.62,1291.43,Issued
6751,Invalid Foreign Key: Order_ID,INV0006750,O0006750,C006751,2026-02-28,2026-03-30,1962.45,353.24,Issued
6979,Invalid Foreign Key: Order_ID; Invalid Foreign Key: Customer_ID,INV0006978,O0006978,C006979,2025-10-14,2025-11-13,11803.15,2124.57,Issued
7083,Invalid Foreign Key: Order_ID; Invalid Foreign Key: Customer_ID,INV0007082,O0007082,C007083,2026-01-26,2026-02-25,9387.06,1689.67,Issued
7109,Invalid Foreign Key: Order_ID,INV0007108,O0007108,C007109,2026-02-21,2026-03-23,1595.88,287.26,Issued
7251,Invalid Foreign Key: Order_ID,INV0007250,O0007250,C007251,2026-07-13,2026-08-12,1949.05,350.83,Issued
7751,Invalid Foreign Key: Order_ID,INV0007750,O0007750,C007751,2025-11-25,2025-12-25,1935.66,348.42,Issued
7870,Invalid Foreign Key: Order_ID; Invalid Foreign Key: Customer_ID,INV0007869,O0007869,C007870,2026-03-24,2026-04-23,13157.24,2368.3,Issued
7976,Invalid Foreign Key: Order_ID; Invalid Foreign Key: Customer_ID,INV0007975,O0007975,C007976,2026-07-08,2026-08-07,2890.63,520.31,Overdue
8251,Invalid Foreign Key: Order_ID,INV0008250,O0008250,C008251,2026-04-09,2026-05-09,1969.15,354.45,Overdue
8657,Invalid Foreign Key: Order_ID; Invalid Foreign Key: Customer_ID,INV0008656,O0008656,C008657,2026-05-20,2026-06-19,4385.34,789.36,Issued
8751,Invalid Foreign Key: Order_ID,INV0008750,O0008750,C008751,2026-08-22,2026-09-21,1955.75,352.04,Issued
8805,Invalid Foreign Key: Order_ID,INV0008804,O0008804,C008805,2025-10-15,2025-11-14,1264.25,227.57,Issued
8886,Invalid Foreign Key: Order_ID,INV0008885,O0008885,C008886,2026-01-04,2026-02-03,3261.91,587.14,Issued
8973,Invalid Foreign Key: Order_ID; Invalid Foreign Key: Customer_ID,INV0008972,O0008972,C008973,2026-04-01,2026-05-01,8280.84,1490.55,Issued
9251,Invalid Foreign Key: Order_ID,INV0009250,O0009250,C009251,2026-01-04,2026-02-03,1942.36,349.62,Issued
9444,Invalid Foreign Key: Order_ID; Invalid Foreign Key: Customer_ID,INV0009443,O0009443,C009444,2026-07-16,2026-08-15,6786.99,1221.66,Issued
9751,Invalid Foreign Key: Order_ID,INV0009750,O0009750,C009751,2026-05-19,2026-06-18,1928.96,347.21,Issued
9970,Invalid Foreign Key: Order_ID; Invalid Foreign Key: Customer_ID,INV0009969,O0009969,C009970,2025-12-24,2026-01-23,13157.24,2368.3,Issued
9994,Invalid Foreign Key: Order_ID,INV0009993,O0009993,C009994,2026-01-17,2026-02-16,14284.3,2571.17,Issued
10008,Invalid Foreign Key: Order_ID,INV0010007,O0010007,C010008,2026-01-31,2026-03-02,1101.66,198.3,Issued
10010,Duplicate Primary Key,INV0010008,O0010009,C010010,2026-02-02,2026-03-04,2163.56,389.44,Issued
10231,Invalid Foreign Key: Order_ID; Invalid Foreign Key: Customer_ID,INV0010230,O0010230,C010231,2025-09-11,2025-10-11,1207.41,217.33,Overdue
10251,Invalid Foreign Key: Order_ID,INV0010250,O0010250,C010251,2025-10-01,2025-10-31,1962.45,353.24,Issued
10663,Invalid Foreign Key: Order_ID,INV0010662,O0010662,C010663,2025-11-17,2025-12-17,7125.31,1282.56,Issued
10751,Invalid Foreign Key: Order_ID,INV0010750,O0010750,C010751,2026-02-13,2026-03-15,1949.05,350.83,Issued
10967,Invalid Foreign Key: Order_ID; Invalid Foreign Key: Customer_ID,INV0010966,O0010966,C010967,2025-09-17,2025-10-17,5130.43,923.48,Issued
11006,Invalid Foreign Key: Order_ID,INV0011005,O0011005,C011006,2025-10-26,2025-11-25,287.73,51.79,Issued
11018,Invalid Foreign Key: Order_ID; Invalid Foreign Key: Customer_ID,INV0011017,O0011017,C011018,2025-11-07,2025-12-07,2173.99,391.32,Issued
11251,Invalid Foreign Key: Order_ID,INV0011250,O0011250,C011251,2026-06-28,2026-07-28,1935.66,348.42,Issued
11751,Invalid Foreign Key: Order_ID,INV0011750,O0011750,C011751,2025-11-10,2025-12-10,1969.15,354.45,Issued
11805,Invalid Foreign Key: Order_ID; Invalid Foreign Key: Customer_ID,INV0011804,O0011804,C011805,2026-01-03,2026-02-02,1272.94,229.13,Issued
11964,Invalid Foreign Key: Order_ID; Invalid Foreign Key: Customer_ID,INV0011963,O0011963,C011964,2026-06-11,2026-07-11,9747.04,1754.47,Issued
12251,Invalid Foreign Key: Order_ID,INV0012250,O0012250,C012251,2026-03-25,2026-04-24,1955.75,352.04,Issued
12440,Invalid Foreign Key: Order_ID,INV0012439,O0012439,C012440,2025-09-30,2025-10-30,7743.72,1393.87,Issued
12592,Invalid Foreign Key: Order_ID; Invalid Foreign Key: Customer_ID,INV0012591,O0012591,C012592,2026-03-01,2026-03-31,6921.77,1245.92,Issued
12751,Invalid Foreign Key: Order_ID,INV0012750,O0012750,C012751,2026-08-07,2026-09-06,1942.36,349.62,Issued
12961,Invalid Foreign Key: Order_ID; Invalid Foreign Key: Customer_ID,INV0012960,O0012960,C012961,2026-03-05,2026-04-04,2309.83,415.77,Issued
13207,Invalid Foreign Key: Order_ID,INV0013206,O0013206,C013207,2025-11-06,2025-12-06,659.93,118.79,Issued
13251,Invalid Foreign Key: Order_ID,INV0013250,O0013250,C013251,2025-12-20,2026-01-19,1928.96,347.21,Issued
13325,Invalid Foreign Key: Order_ID,INV0013324,O0013324,C013325,2026-03-04,2026-04-03,4934.63,888.23,Issued
13379,Invalid Foreign Key: Order_ID; Invalid Foreign Key: Customer_ID,INV0013378,O0013378,C013379,2026-04-27,2026-05-27,11844.13,2131.94,Issued
13751,Invalid Foreign Key: Order_ID,INV0013750,O0013750,C013751,2026-05-04,2026-06-03,1962.45,353.24,Overdue
13958,Invalid Foreign Key: Order_ID; Invalid Foreign Key: Customer_ID,INV0013957,O0013957,C013958,2025-11-27,2025-12-27,6553.25,1179.59,Issued
14166,Invalid Foreign Key: Order_ID; Invalid Foreign Key: Customer_ID,INV0014165,O0014165,C014166,2026-06-23,2026-07-23,2527.96,455.03,Issued
14217,Invalid Foreign Key: Order_ID,INV0014216,O0014216,C014217,2026-08-13,2026-09-12,1376.34,247.74,Issued
14251,Invalid Foreign Key: Order_ID,INV0014250,O0014250,C014251,2025-09-16,2025-10-16,1949.05,350.83,Issued
14751,Invalid Foreign Key: Order_ID,INV0014750,O0014750,C014751,2026-01-29,2026-02-28,1935.66,348.42,Issued
14953,Invalid Foreign Key: Order_ID; Invalid Foreign Key: Customer_ID,INV0014952,O0014952,C014953,2026-08-19,2026-09-18,6089.26,1096.07,Issued
14955,Invalid Foreign Key: Order_ID; Invalid Foreign Key: Customer_ID,INV0014954,O0014954,C014955,2026-08-21,2026-09-20,10554.79,1899.86,Issued
15251,Invalid Foreign Key: Order_ID,INV0015250,O0015250,C015251,2026-06-13,2026-07-13,1969.15,354.45,Issued
15408,Invalid Foreign Key: Order_ID,INV0015407,O0015407,C015408,2025-11-17,2025-12-17,1094.16,196.95,Issued
15740,Invalid Foreign Key: Order_ID; Invalid Foreign Key: Customer_ID,INV0015739,O0015739,C015740,2025-10-15,2025-11-14,7690.68,1384.32,Issued
15751,Invalid Foreign Key: Order_ID,INV0015750,O0015750,C015751,2025-10-26,2025-11-25,1955.75,352.04,Issued
15952,Invalid Foreign Key: Order_ID; Invalid Foreign Key: Customer_ID,INV0015951,O0015951,C015952,2026-05-15,2026-06-14,3971.86,714.93,Issued
15994,Invalid Foreign Key: Order_ID,INV0015993,O0015993,C015994,2026-06-26,2026-07-26,14138.54,2544.94,Issued
16251,Invalid Foreign Key: Order_ID,INV0016250,O0016250,C016251,2026-03-10,2026-04-09,1942.36,349.62,Issued
16527,Invalid Foreign Key: Order_ID; Invalid Foreign Key: Customer_ID,INV0016526,O0016526,C016527,2025-12-11,2026-01-10,2106.22,379.12,Issued
16656,Invalid Foreign Key: Order_ID,INV0016655,O0016655,C016656,2026-04-19,2026-05-19,2148.09,386.66,Issued
16751,Invalid Foreign Key: Order_ID,INV0016750,O0016750,C016751,2026-07-23,2026-08-22,1928.96,347.21,Issued
16949,Invalid Foreign Key: Order_ID; Invalid Foreign Key: Customer_ID,INV0016948,O0016948,C016949,2026-02-06,2026-03-08,7449.67,1340.94,Issued
17251,Invalid Foreign Key: Order_ID,INV0017250,O0017250,C017251,2025-12-05,2026-01-04,1962.45,353.24,Issued
17314,Invalid Foreign Key: Order_ID; Invalid Foreign Key: Customer_ID,INV0017313,O0017313,C017314,2026-02-06,2026-03-08,2354.94,423.89,Issued
17609,Invalid Foreign Key: Order_ID,INV0017608,O0017608,C017609,2025-11-28,2025-12-28,1595.88,287.26,Issued
17751,Invalid Foreign Key: Order_ID,INV0017750,O0017750,C017751,2026-04-19,2026-05-19,1949.05,350.83,Issued
17771,Invalid Foreign Key: Order_ID,INV0017770,O0017770,C017771,2026-05-09,2026-06-08,2714.23,488.56,Issued
17946,Invalid Foreign Key: Order_ID; Invalid Foreign Key: Customer_ID,INV0017945,O0017945,C017946,2025-10-31,2025-11-30,1782.88,320.92,Issued
18101,Invalid Foreign Key: Order_ID; Invalid Foreign Key: Customer_ID,INV0018100,O0018100,C018101,2026-04-04,2026-05-04,105.35,18.96,Issued
18251,Invalid Foreign Key: Order_ID,INV0018250,O0018250,C018251,2025-09-01,2025-10-01,1935.66,348.42,Issued
18751,Invalid Foreign Key: Order_ID,INV0018750,O0018750,C018751,2026-01-14,2026-02-13,1969.15,354.45,Issued
18888,Invalid Foreign Key: Order_ID; Invalid Foreign Key: Customer_ID,INV0018887,O0018887,C018888,2026-05-31,2026-06-30,9871.86,1776.93,Overdue
18943,Invalid Foreign Key: Order_ID; Invalid Foreign Key: Customer_ID,INV0018942,O0018942,C018943,2026-07-25,2026-08-24,4979.24,896.26,Overdue
19251,Invalid Foreign Key: Order_ID,INV0019250,O0019250,C019251,2026-05-29,2026-06-28,1955.75,352.04,Overdue
19548,Invalid Foreign Key: Order_ID,INV0019547,O0019547,C019548,2026-03-22,2026-04-21,5496.34,989.34,Overdue
19675,Invalid Foreign Key: Order_ID; Invalid Foreign Key: Customer_ID,INV0019674,O0019674,C019675,2026-07-27,2026-08-26,14316.23,2576.92,Issued
19751,Invalid Foreign Key: Order_ID,INV0019750,O0019750,C019751,2025-10-11,2025-11-10,1942.36,349.62,Issued
19810,Invalid Foreign Key: Order_ID,INV0019809,O0019809,C019810,2025-12-09,2026-01-08,2163.56,389.44,Issued
19940,Invalid Foreign Key: Order_ID; Invalid Foreign Key: Customer_ID,INV0019939,O0019939,C019940,2026-04-18,2026-05-18,7690.68,1384.32,Issued
19987,Invalid Foreign Key: Order_ID,INV0019986,O0019986,C019987,2026-06-04,2026-07-04,6508.0,1171.44,Issued
20015,Invalid Foreign Key: Order_ID,INV0020014,O0020014,C000015,2026-07-02,2026-08-01,3086.59,555.59,Issued
20019,Duplicate Primary Key,INV0020017,O0020018,C000019,2026-07-06,2026-08-05,3076.34,553.74,Issued
20251,Invalid Foreign Key: Order_ID,INV0020250,O0020250,C000251,2026-02-23,2026-03-25,1928.96,347.21,Issued
20751,Invalid Foreign Key: Order_ID,INV0020750,O0020750,C000751,2026-07-08,2026-08-07,1962.45,353.24,Issued
20787,Invalid Foreign Key: Order_ID; Invalid Foreign Key: Customer_ID,INV0020786,O0020786,C000787,2026-08-13,2026-09-12,6530.52,1175.49,Issued
20997,Invalid Foreign Key: Order_ID; Invalid Foreign Key: Customer_ID,INV0020996,O0020996,C000997,2026-03-11,2026-04-10,7265.46,1307.78,Issued
21251,Invalid Foreign Key: Order_ID,INV0021250,O0021250,C001251,2025-11-20,2025-12-20,1949.05,350.83,Issued
21325,Invalid Foreign Key: Order_ID,INV0021324,O0021324,C001325,2026-02-02,2026-03-04,4985.68,897.42,Issued
21574,Invalid Foreign Key: Order_ID; Invalid Foreign Key: Customer_ID,INV0021573,O0021573,C001574,2025-10-09,2025-11-08,11073.27,1993.19,Issued
21751,Invalid Foreign Key: Order_ID,INV0021750,O0021750,C001751,2026-04-04,2026-05-04,1935.66,348.42,Issued
21994,Invalid Foreign Key: Order_ID; Invalid Foreign Key: Customer_ID,INV0021993,O0021993,C001994,2025-12-03,2026-01-02,13992.78,2518.7,Issued
22011,Invalid Foreign Key: Order_ID,INV0022010,O0022010,C002011,2025-12-20,2026-01-19,477.35,85.92,Issued
22251,Invalid Foreign Key: Order_ID,INV0022250,O0022250,C002251,2026-08-17,2026-09-16,1969.15,354.45,Issued
22361,Invalid Foreign Key: Order_ID; Invalid Foreign Key: Customer_ID,INV0022360,O0022360,C002361,2025-12-05,2026-01-04,2333.72,420.07,Issued
22751,Invalid Foreign Key: Order_ID,INV0022750,O0022750,C002751,2025-12-30,2026-01-29,1955.75,352.04,Issued
22991,Invalid Foreign Key: Order_ID; Invalid Foreign Key: Customer_ID,INV0022990,O0022990,C002991,2026-08-27,2026-09-26,3447.55,620.56,Overdue
23102,Invalid Foreign Key: Order_ID,INV0023101,O0023101,C003102,2025-12-16,2026-01-15,282.5,50.85,Issued
23148,Invalid Foreign Key: Order_ID; Invalid Foreign Key: Customer_ID,INV0023147,O0023147,C003148,2026-01-31,2026-03-02,5515.29,992.75,Issued
23251,Invalid Foreign Key: Order_ID,INV0023250,O0023250,C003251,2026-05-14,2026-06-13,1942.36,349.62,Issued
23318,Invalid Foreign Key: Order_ID,INV0023317,O0023317,C003318,2026-07-20,2026-08-19,2204.18,396.75,Issued
23751,Invalid Foreign Key: Order_ID,INV0023750,O0023750,C003751,2025-09-26,2025-10-26,1928.96,347.21,Issued
23935,Invalid Foreign Key: Order_ID; Invalid Foreign Key: Customer_ID,INV0023934,O0023934,C003935,2026-03-29,2026-04-28,6748.65,1214.76,Issued
23988,Invalid Foreign Key: Order_ID; Invalid Foreign Key: Customer_ID,INV0023987,O0023987,C003988,2026-05-21,2026-06-20,9940.17,1789.23,Issued
24212,Invalid Foreign Key: Order_ID,INV0024211,O0024211,C004212,2025-12-31,2026-01-30,1021.94,183.95,Overdue
24251,Invalid Foreign Key: Order_ID,INV0024250,O0024250,C004251,2026-02-08,2026-03-10,1962.45,353.24,Issued
24722,Invalid Foreign Key: Order_ID; Invalid Foreign Key: Customer_ID,INV0024721,O0024721,C004722,2026-05-25,2026-06-24,1777.55,319.96,Issued
24751,Invalid Foreign Key: Order_ID,INV0024750,O0024750,C004751,2026-06-23,2026-07-23,1949.05,350.83,Overdue
24879,Invalid Foreign Key: Order_ID,INV0024878,O0024878,C004879,2025-10-29,2025-11-28,11967.08,2154.08,Issued
24985,Invalid Foreign Key: Order_ID; Invalid Foreign Key: Customer_ID,INV0024984,O0024984,C004985,2026-02-12,2026-03-14,15903.79,2862.68,Issued
25251,Invalid Foreign Key: Order_ID,INV0025250,O0025250,C005251,2025-11-05,2025-12-05,1935.66,348.42,Issued
25509,Invalid Foreign Key: Order_ID; Invalid Foreign Key: Customer_ID,INV0025508,O0025508,C005509,2026-07-21,2026-08-20,1606.89,289.24,Issued
25751,Invalid Foreign Key: Order_ID,INV0025750,O0025750,C005751,2026-03-20,2026-04-19,1969.15,354.45,Issued
25982,Invalid Foreign Key: Order_ID; Invalid Foreign Key: Customer_ID,INV0025981,O0025981,C005982,2025-11-06,2025-12-06,6248.05,1124.65,Issued
26251,Invalid Foreign Key: Order_ID,INV0026250,O0026250,C006251,2026-08-02,2026-09-01,1955.75,352.04,Issued
26296,Invalid Foreign Key: Order_ID; Invalid Foreign Key: Customer_ID,INV0026295,O0026295,C006296,2025-09-16,2025-10-16,3595.98,647.28,Issued
26413,Invalid Foreign Key: Order_ID,INV0026412,O0026412,C006413,2026-01-11,2026-02-10,1632.23,293.8,Issued
26649,Invalid Foreign Key: Order_ID,INV0026648,O0026648,C006649,2025-09-04,2025-10-04,7423.89,1336.3,Issued
26656,Invalid Foreign Key: Order_ID,INV0026655,O0026655,C006656,2025-09-11,2025-10-11,2111.43,380.06,Issued
26751,Invalid Foreign Key: Order_ID,INV0026750,O0026750,C006751,2025-12-15,2026-01-14,1942.36,349.62,Issued
26979,Invalid Foreign Key: Order_ID; Invalid Foreign Key: Customer_ID,INV0026978,O0026978,C006979,2026-07-31,2026-08-30,11967.08,2154.08,Issued
27083,Invalid Foreign Key: Order_ID; Invalid Foreign Key: Customer_ID,INV0027082,O0027082,C007083,2025-11-12,2025-12-12,9290.29,1672.25,Overdue
27251,Invalid Foreign Key: Order_ID,INV0027250,O0027250,C007251,2026-04-29,2026-05-29,1928.96,347.21,Issued
27751,Invalid Foreign Key: Order_ID,INV0027750,O0027750,C007751,2025-09-11,2025-10-11,1962.45,353.24,Issued
27870,Invalid Foreign Key: Order_ID; Invalid Foreign Key: Customer_ID,INV0027869,O0027869,C007870,2026-01-08,2026-02-07,13339.35,2401.08,Issued
27976,Invalid Foreign Key: Order_ID; Invalid Foreign Key: Customer_ID,INV0027975,O0027975,C007976,2026-04-24,2026-05-24,2861.04,514.99,Issued
28251,Invalid Foreign Key: Order_ID,INV0028250,O0028250,C008251,2026-01-24,2026-02-23,1949.05,350.83,Issued
28433,Invalid Foreign Key: Order_ID,INV0028432,O0028432,C008433,2026-07-25,2026-08-24,3855.97,694.07,Issued
28614,Invalid Foreign Key: Order_ID,INV0028613,O0028613,C008614,2026-01-22,2026-02-21,2362.98,425.34,Issued
28657,Invalid Foreign Key: Order_ID; Invalid Foreign Key: Customer_ID,INV0028656,O0028656,C008657,2026-03-06,2026-04-05,4340.6,781.31,Issued
28751,Invalid Foreign Key: Order_ID,INV0028750,O0028750,C008751,2026-06-08,2026-07-08,1935.66,348.42,Issued
28973,Invalid Foreign Key: Order_ID; Invalid Foreign Key: Customer_ID,INV0028972,O0028972,C008973,2026-01-16,2026-02-15,8195.47,1475.19,Issued
29251,Invalid Foreign Key: Order_ID,INV0029250,O0029250,C009251,2025-10-21,2025-11-20,1969.15,354.45,Issued
29444,Invalid Foreign Key: Order_ID; Invalid Foreign Key: Customer_ID,INV0029443,O0029443,C009444,2026-05-02,2026-06-01,6717.26,1209.11,Issued
29751,Invalid Foreign Key: Order_ID,INV0029750,O0029750,C009751,2026-03-05,2026-04-04,1955.75,352.04,Issued
29970,Invalid Foreign Key: Order_ID; Invalid Foreign Key: Customer_ID,INV0029969,O0029969,C009970,2025-10-10,2025-11-09,13339.35,2401.08,Issued
29980,Invalid Foreign Key: Order_ID,INV0029979,O0029979,C009980,2025-10-20,2025-11-19,15092.0,2716.56,Issued
30022,Invalid Foreign Key: Order_ID,INV0030021,O0030021,C010022,2025-12-01,2025-12-31,1759.42,316.69,Issued
30028,Duplicate Primary Key,INV0030026,O0030027,C010028,2025-12-07,2026-01-06,3336.91,600.64,Issued
30210,Invalid Foreign Key: Order_ID,INV0030209,O0030209,C010210,2026-06-07,2026-07-07,2208.64,397.55,Issued
30231,Invalid Foreign Key: Order_ID; Invalid Foreign Key: Customer_ID,INV0030230,O0030230,C010231,2026-06-28,2026-07-28,1224.06,220.33,Issued
30251,Invalid Foreign Key: Order_ID,INV0030250,O0030250,C010251,2026-07-18,2026-08-17,1942.36,349.62,Overdue
30751,Invalid Foreign Key: Order_ID,INV0030750,O0030750,C010751,2025-11-30,2025-12-30,1928.96,347.21,Issued
30815,Invalid Foreign Key: Order_ID,INV0030814,O0030814,C010815,2026-02-02,2026-03-04,3118.63,561.35,Issued
30967,Invalid Foreign Key: Order_ID; Invalid Foreign Key: Customer_ID,INV0030966,O0030966,C010967,2026-07-04,2026-08-03,5078.07,914.05,Issued
31018,Invalid Foreign Key: Order_ID; Invalid Foreign Key: Customer_ID,INV0031017,O0031017,C011018,2026-08-24,2026-09-23,2204.18,396.75,Issued
31251,Invalid Foreign Key: Order_ID,INV0031250,O0031250,C011251,2026-04-14,2026-05-14,1962.45,353.24,Issued
31751,Invalid Foreign Key: Order_ID,INV0031750,O0031750,C011751,2026-08-27,2026-09-26,1949.05,350.83,Issued
31805,Invalid Foreign Key: Order_ID; Invalid Foreign Key: Customer_ID,INV0031804,O0031804,C011805,2025-10-20,2025-11-19,1259.91,226.78,Issued
31964,Invalid Foreign Key: Order_ID; Invalid Foreign Key: Customer_ID,INV0031963,O0031963,C011964,2026-03-28,2026-04-27,9646.9,1736.44,Issued
31987,Invalid Foreign Key: Order_ID,INV0031986,O0031986,C011987,2026-04-20,2026-05-20,6530.52,1175.49,Issued
32251,Invalid Foreign Key: Order_ID,INV0032250,O0032250,C012251,2026-01-09,2026-02-08,1935.66,348.42,Issued
32592,Invalid Foreign Key: Order_ID; Invalid Foreign Key: Customer_ID,INV0032591,O0032591,C012592,2025-12-16,2026-01-15,6850.42,1233.07,Issued
32751,Invalid Foreign Key: Order_ID,INV0032750,O0032750,C012751,2026-05-24,2026-06-23,1969.15,354.45,Issued
32961,Invalid Foreign Key: Order_ID; Invalid Foreign Key: Customer_ID,INV0032960,O0032960,C012961,2025-12-20,2026-01-19,2341.69,421.5,Issued
33016,Invalid Foreign Key: Order_ID,INV0033015,O0033015,C013016,2026-02-13,2026-03-15,656.2,118.12,Issued
33251,Invalid Foreign Key: Order_ID,INV0033250,O0033250,C013251,2025-10-06,2025-11-05,1955.75,352.04,Issued
33311,Invalid Foreign Key: Order_ID,INV0033310,O0033310,C013311,2025-12-05,2026-01-04,478.98,86.22,Issued
33379,Invalid Foreign Key: Order_ID; Invalid Foreign Key: Customer_ID,INV0033378,O0033378,C013379,2026-02-11,2026-03-13,12008.07,2161.45,Issued
33751,Invalid Foreign Key: Order_ID,INV0033750,O0033750,C013751,2026-02-18,2026-03-20,1942.36,349.62,Issued
33764,Invalid Foreign Key: Order_ID,INV0033763,O0033763,C013764,2026-03-03,2026-04-02,9780.42,1760.48,Issued
33958,Invalid Foreign Key: Order_ID; Invalid Foreign Key: Customer_ID,INV0033957,O0033957,C013958,2025-09-13,2025-10-13,6644.27,1195.97,Overdue
34166,Invalid Foreign Key: Order_ID; Invalid Foreign Key: Customer_ID,INV0034165,O0034165,C014166,2026-04-09,2026-05-09,2502.16,450.39,Issued
34251,Invalid Foreign Key: Order_ID,INV0034250,O0034250,C014251,2026-07-03,2026-08-02,1928.96,347.21,Issued
34751,Invalid Foreign Key: Order_ID,INV0034750,O0034750,C014751,2025-11-15,2025-12-15,1962.45,353.24,Issued
34953,Invalid Foreign Key: Order_ID; Invalid Foreign Key: Customer_ID,INV0034952,O0034952,C014953,2026-06-05,2026-07-05,6026.7,1084.81,Issued
34955,Invalid Foreign Key: Order_ID; Invalid Foreign Key: Customer_ID,INV0034954,O0034954,C014955,2026-06-07,2026-07-07,10446.72,1880.41,Issued
35217,Invalid Foreign Key: Order_ID,INV0035216,O0035216,C015217,2026-02-24,2026-03-26,1376.34,247.74,Issued
35251,Invalid Foreign Key: Order_ID,INV0035250,O0035250,C015251,2026-03-30,2026-04-29,1949.05,350.83,Issued
35541,Invalid Foreign Key: Order_ID,INV0035540,O0035540,C015541,2026-01-14,2026-02-13,1569.45,282.5,Issued
35740,Invalid Foreign Key: Order_ID; Invalid Foreign Key: Customer_ID,INV0035739,O0035739,C015740,2026-08-01,2026-08-31,7796.76,1403.42,Overdue
35751,Invalid Foreign Key: Order_ID,INV0035750,O0035750,C015751,2026-08-12,2026-09-11,1935.66,348.42,Overdue
35952,Invalid Foreign Key: Order_ID; Invalid Foreign Key: Customer_ID,INV0035951,O0035951,C015952,2026-03-01,2026-03-31,3930.91,707.56,Issued
36251,Invalid Foreign Key: Order_ID,INV0036250,O0036250,C016251,2025-12-25,2026-01-24,1969.15,354.45,Issued
36527,Invalid Foreign Key: Order_ID; Invalid Foreign Key: Customer_ID,INV0036526,O0036526,C016527,2025-09-27,2025-10-27,2135.47,384.38,Issued
36642,Invalid Foreign Key: Order_ID,INV0036641,O0036641,C016642,2026-01-20,2026-02-19,3223.26,580.19,Overdue
36751,Invalid Foreign Key: Order_ID,INV0036750,O0036750,C016751,2026-05-09,2026-06-08,1955.75,352.04,Issued
36949,Invalid Foreign Key: Order_ID; Invalid Foreign Key: Customer_ID,INV0036948,O0036948,C016949,2025-11-23,2025-12-23,7552.78,1359.5,Issued
37251,Invalid Foreign Key: Order_ID,INV0037250,O0037250,C017251,2025-09-21,2025-10-21,1942.36,349.62,Issued
37314,Invalid Foreign Key: Order_ID; Invalid Foreign Key: Customer_ID,INV0037313,O0037313,C017314,2025-11-23,2025-12-23,2330.83,419.55,Issued
37318,Invalid Foreign Key: Order_ID,INV0037317,O0037317,C017318,2025-11-27,2025-12-27,2204.18,396.75,Issued
37418,Invalid Foreign Key: Order_ID,INV0037417,O0037417,C017418,2026-03-07,2026-04-06,2211.73,398.11,Issued
37751,Invalid Foreign Key: Order_ID,INV0037750,O0037750,C017751,2026-02-03,2026-03-05,1928.96,347.21,Issued
37946,Invalid Foreign Key: Order_ID; Invalid Foreign Key: Customer_ID,INV0037945,O0037945,C017946,2026-08-17,2026-09-16,1764.68,317.64,Issued
38101,Invalid Foreign Key: Order_ID; Invalid Foreign Key: Customer_ID,INV0038100,O0038100,C018101,2026-01-19,2026-02-18,104.27,18.77,Issued
38251,Invalid Foreign Key: Order_ID,INV0038250,O0038250,C018251,2026-06-18,2026-07-18,1962.45,353.24,Issued
38751,Invalid Foreign Key: Order_ID,INV0038750,O0038750,C018751,2025-10-31,2025-11-30,1949.05,350.83,Issued
38888,Invalid Foreign Key: Order_ID; Invalid Foreign Key: Customer_ID,INV0038887,O0038887,C018888,2026-03-17,2026-04-16,10008.49,1801.53,Issued
38943,Invalid Foreign Key: Order_ID; Invalid Foreign Key: Customer_ID,INV0038942,O0038942,C018943,2026-05-11,2026-06-10,4928.08,887.05,Issued
39095,Invalid Foreign Key: Order_ID,INV0039094,O0039094,C019095,2025-10-10,2025-11-09,17673.45,3181.22,Overdue
39251,Invalid Foreign Key: Order_ID,INV0039250,O0039250,C019251,2026-03-15,2026-04-14,1935.66,348.42,Issued
39619,Invalid Foreign Key: Order_ID,INV0039618,O0039618,C019619,2026-03-18,2026-04-17,3076.34,553.74,Issued
39675,Invalid Foreign Key: Order_ID; Invalid Foreign Key: Customer_ID,INV0039674,O0039674,C019675,2026-05-13,2026-06-12,14170.15,2550.63,Issued
39751,Invalid Foreign Key: Order_ID,INV0039750,O0039750,C019751,2026-07-28,2026-08-27,1969.15,354.45,Issued
39940,Invalid Foreign Key: Order_ID; Invalid Foreign Key: Customer_ID,INV0039939,O0039939,C019940,2026-02-02,2026-03-04,7796.76,1403.42,Issued
39973,Invalid Foreign Key: Order_ID,INV0039972,O0039972,C019973,2026-03-07,2026-04-06,8337.76,1500.8,Issued
40029,Invalid Foreign Key: Order_ID,INV0040028,O0040028,C000029,2026-05-02,2026-06-01,4582.58,824.87,Issued
40037,Duplicate Primary Key,INV0040035,O0040036,C000037,2026-05-10,2026-06-09,2855.79,514.04,Issued
40251,Invalid Foreign Key: Order_ID,INV0040250,O0040250,C000251,2025-12-10,2026-01-09,1955.75,352.04,Issued
40751,Invalid Foreign Key: Order_ID,INV0040750,O0040750,C000751,2026-04-24,2026-05-24,1942.36,349.62,Issued
40787,Invalid Foreign Key: Order_ID; Invalid Foreign Key: Customer_ID,INV0040786,O0040786,C000787,2026-05-30,2026-06-29,6620.59,1191.71,Issued
40872,Invalid Foreign Key: Order_ID,INV0040871,O0040871,C000872,2026-08-23,2026-09-22,5446.81,980.43,Issued
40997,Invalid Foreign Key: Order_ID; Invalid Foreign Key: Customer_ID,INV0040996,O0040996,C000997,2025-12-26,2026-01-25,7365.67,1325.82,Issued
41251,Invalid Foreign Key: Order_ID,INV0041250,O0041250,C001251,2025-09-06,2025-10-06,1928.96,347.21,Overdue
41574,Invalid Foreign Key: Order_ID; Invalid Foreign Key: Customer_ID,INV0041573,O0041573,C001574,2026-07-26,2026-08-25,11227.07,2020.87,Issued
41751,Invalid Foreign Key: Order_ID,INV0041750,O0041750,C001751,2026-01-19,2026-02-18,1962.45,353.24,Issued
41820,Invalid Foreign Key: Order_ID,INV0041819,O0041819,C001820,2026-03-29,2026-04-28,4002.1,720.38,Issued
41994,Invalid Foreign Key: Order_ID; Invalid Foreign Key: Customer_ID,INV0041993,O0041993,C001994,2025-09-19,2025-10-19,14187.13,2553.68,Issued
42251,Invalid Foreign Key: Order_ID,INV0042250,O0042250,C002251,2026-06-03,2026-07-03,1949.05,350.83,Issued
42361,Invalid Foreign Key: Order_ID; Invalid Foreign Key: Customer_ID,INV0042360,O0042360,C002361,2025-09-21,2025-10-21,2309.83,415.77,Issued
42649,Invalid Foreign Key: Order_ID,INV0042648,O0042648,C002649,2026-07-06,2026-08-05,7578.55,1364.14,Issued
42751,Invalid Foreign Key: Order_ID,INV0042750,O0042750,C002751,2025-10-16,2025-11-15,1935.66,348.42,Issued
42991,Invalid Foreign Key: Order_ID; Invalid Foreign Key: Customer_ID,INV0042990,O0042990,C002991,2026-06-13,2026-07-13,3412.25,614.2,Issued
43148,Invalid Foreign Key: Order_ID; Invalid Foreign Key: Customer_ID,INV0043147,O0043147,C003148,2025-11-17,2025-12-17,5458.44,982.52,Issued
43251,Invalid Foreign Key: Order_ID,INV0043250,O0043250,C003251,2026-02-28,2026-03-30,1969.15,354.45,Issued
43304,Invalid Foreign Key: Order_ID,INV0043303,O0043303,C003304,2026-04-22,2026-05-22,857.97,154.43,Issued
43751,Invalid Foreign Key: Order_ID,INV0043750,O0043750,C003751,2026-07-13,2026-08-12,1955.75,352.04,Issued
43935,Invalid Foreign Key: Order_ID; Invalid Foreign Key: Customer_ID,INV0043934,O0043934,C003935,2026-01-13,2026-02-12,6842.05,1231.57,Overdue
43988,Invalid Foreign Key: Order_ID; Invalid Foreign Key: Customer_ID,INV0043987,O0043987,C003988,2026-03-07,2026-04-06,9837.7,1770.79,Issued
44021,Invalid Foreign Key: Order_ID,INV0044020,O0044020,C004021,2026-04-09,2026-05-09,851.52,153.27,Issued
44251,Invalid Foreign Key: Order_ID,INV0044250,O0044250,C004251,2025-11-25,2025-12-25,1942.36,349.62,Issued
44426,Invalid Foreign Key: Order_ID,INV0044425,O0044425,C004426,2026-05-19,2026-06-18,1023.67,184.26,Issued
44722,Invalid Foreign Key: Order_ID; Invalid Foreign Key: Customer_ID,INV0044721,O0044721,C004722,2026-03-11,2026-04-10,1759.42,316.69,Issued
44751,Invalid Foreign Key: Order_ID,INV0044750,O0044750,C004751,2026-04-09,2026-05-09,1928.96,347.21,Issued
44985,Invalid Foreign Key: Order_ID; Invalid Foreign Key: Customer_ID,INV0044984,O0044984,C004985,2025-11-29,2025-12-29,16123.91,2902.3,Issued
45251,Invalid Foreign Key: Order_ID,INV0045250,O0045250,C005251,2026-08-22,2026-09-21,1962.45,353.24,Issued
45509,Invalid Foreign Key: Order_ID; Invalid Foreign Key: Customer_ID,INV0045508,O0045508,C005509,2026-05-07,2026-06-06,1590.38,286.27,Issued
45751,Invalid Foreign Key: Order_ID,INV0045750,O0045750,C005751,2026-01-04,2026-02-03,1949.05,350.83,Issued
45982,Invalid Foreign Key: Order_ID; Invalid Foreign Key: Customer_ID,INV0045981,O0045981,C005982,2026-08-23,2026-09-22,6184.29,1113.17,Issued
46203,Invalid Foreign Key: Order_ID,INV0046202,O0046202,C006203,2026-04-01,2026-05-01,541.0,97.38,Issued
46222,Invalid Foreign Key: Order_ID,INV0046221,O0046221,C006222,2026-04-20,2026-05-20,1765.46,317.78,Issued
46251,Invalid Foreign Key: Order_ID,INV0046250,O0046250,C006251,2026-05-19,2026-06-18,1935.66,348.42,Issued
46296,Invalid Foreign Key: Order_ID; Invalid Foreign Key: Customer_ID,INV0046295,O0046295,C006296,2026-07-03,2026-08-02,3645.58,656.2,Issued
46635,Invalid Foreign Key: Order_ID,INV0046634,O0046634,C006635,2026-06-07,2026-07-07,6818.7,1227.37,Issued
46751,Invalid Foreign Key: Order_ID,INV0046750,O0046750,C006751,2025-10-01,2025-10-31,1969.15,354.45,Overdue
46979,Invalid Foreign Key: Order_ID; Invalid Foreign Key: Customer_ID,INV0046978,O0046978,C006979,2026-05-17,2026-06-16,11844.13,2131.94,Issued
47083,Invalid Foreign Key: Order_ID; Invalid Foreign Key: Customer_ID,INV0047082,O0047082,C007083,2026-08-29,2026-09-28,9419.32,1695.48,Issued
47251,Invalid Foreign Key: Order_ID,INV0047250,O0047250,C007251,2026-02-13,2026-03-15,1955.75,352.04,Issued
47751,Invalid Foreign Key: Order_ID,INV0047750,O0047750,C007751,2026-06-28,2026-07-28,1942.36,349.62,Issued
47870,Invalid Foreign Key: Order_ID; Invalid Foreign Key: Customer_ID,INV0047869,O0047869,C007870,2025-10-25,2025-11-24,13202.77,2376.5,Issued
47976,Invalid Foreign Key: Order_ID; Invalid Foreign Key: Customer_ID,INV0047975,O0047975,C007976,2026-02-08,2026-03-10,2900.5,522.09,Issued
47980,Invalid Foreign Key: Order_ID,INV0047979,O0047979,C007980,2026-02-12,2026-03-14,14988.27,2697.89,Issued
48251,Invalid Foreign Key: Order_ID,INV0048250,O0048250,C008251,2025-11-10,2025-12-10,1928.96,347.21,Issued
48423,Invalid Foreign Key: Order_ID,INV0048422,O0048422,C008423,2026-05-01,2026-05-31,2740.3,493.25,Overdue
48657,Invalid Foreign Key: Order_ID; Invalid Foreign Key: Customer_ID,INV0048656,O0048656,C008657,2025-12-21,2026-01-20,4295.85,773.25,Issued
48751,Invalid Foreign Key: Order_ID,INV0048750,O0048750,C008751,2026-03-25,2026-04-24,1962.45,353.24,Issued
48973,Invalid Foreign Key: Order_ID; Invalid Foreign Key: Customer_ID,INV0048972,O0048972,C008973,2025-11-02,2025-12-02,8309.3,1495.67,Overdue
49251,Invalid Foreign Key: Order_ID,INV0049250,O0049250,C009251,2026-08-07,2026-09-06,1949.05,350.83,Issued
49444,Invalid Foreign Key: Order_ID; Invalid Foreign Key: Customer_ID,INV0049443,O0049443,C009444,2026-02-16,2026-03-18,6810.23,1225.84,Issued
49751,Invalid Foreign Key: Order_ID,INV0049750,O0049750,C009751,2025-12-20,2026-01-19,1935.66,348.42,Issued
49757,Invalid Foreign Key: Order_ID,INV0049756,O0049756,C009757,2025-12-26,2026-01-25,4355.51,783.99,Issued
49966,Invalid Foreign Key: Order_ID,INV0049965,O0049965,C009966,2026-07-23,2026-08-22,2476.37,445.75,Issued
49970,Invalid Foreign Key: Order_ID; Invalid Foreign Key: Customer_ID,INV0049969,O0049969,C009970,2026-07-27,2026-08-26,13202.77,2376.5,Issued
50036,Invalid Foreign Key: Order_ID,INV0050035,O0050035,C010036,2025-10-01,2025-10-31,911.44,164.06,Issued
50046,Duplicate Primary Key,INV0050044,O0050045,C010046,2025-10-11,2025-11-10,1200.71,216.13,Issued
50231,Invalid Foreign Key: Order_ID; Invalid Foreign Key: Customer_ID,INV0050230,O0050230,C010231,2026-04-14,2026-05-14,799.39,143.89,Issued
50251,Invalid Foreign Key: Order_ID,INV0050250,O0050250,C010251,2026-05-04,2026-06-03,1299.37,233.89,Issued
50624,Invalid Foreign Key: Order_ID,INV0050623,O0050623,C010624,2026-05-12,2026-06-11,2490.13,448.22,Issued
50751,Invalid Foreign Key: Order_ID,INV0050750,O0050750,C010751,2025-09-16,2025-10-16,1306.07,235.09,Issued
50967,Invalid Foreign Key: Order_ID; Invalid Foreign Key: Customer_ID,INV0050966,O0050966,C010967,2026-04-20,2026-05-20,3315.58,596.8,Issued
51018,Invalid Foreign Key: Order_ID; Invalid Foreign Key: Customer_ID,INV0051017,O0051017,C011018,2026-06-10,2026-07-10,1456.88,262.24,Issued
51251,Invalid Foreign Key: Order_ID,INV0051250,O0051250,C011251,2026-01-29,2026-02-28,1312.76,236.3,Issued
51534,Invalid Foreign Key: Order_ID,INV0051533,O0051533,C011534,2025-11-08,2025-12-08,3453.16,621.57,Issued
51751,Invalid Foreign Key: Order_ID,INV0051750,O0051750,C011751,2026-06-13,2026-07-13,1272.58,229.06,Issued
51805,Invalid Foreign Key: Order_ID; Invalid Foreign Key: Customer_ID,INV0051804,O0051804,C011805,2026-08-06,2026-09-05,842.83,151.71,Issued
51964,Invalid Foreign Key: Order_ID; Invalid Foreign Key: Customer_ID,INV0051963,O0051963,C011964,2026-01-12,2026-02-11,6609.3,1189.67,Issued
52251,Invalid Foreign Key: Order_ID,INV0052250,O0052250,C012251,2025-10-26,2025-11-25,1326.16,238.71,Overdue
52592,Invalid Foreign Key: Order_ID; Invalid Foreign Key: Customer_ID,INV0052591,O0052591,C012592,2025-10-02,2025-11-01,4638.3,834.89,Overdue
52751,Invalid Foreign Key: Order_ID,INV0052750,O0052750,C012751,2026-03-10,2026-04-09,1285.97,231.48,Issued
52825,Invalid Foreign Key: Order_ID,INV0052824,O0052824,C012825,2026-05-23,2026-06-22,3369.16,606.45,Issued
52961,Invalid Foreign Key: Order_ID; Invalid Foreign Key: Customer_ID,INV0052960,O0052960,C012961,2025-10-06,2025-11-05,1529.27,275.27,Issued
53251,Invalid Foreign Key: Order_ID,INV0053250,O0053250,C013251,2026-07-23,2026-08-22,1292.67,232.68,Issued
53297,Invalid Foreign Key: Order_ID,INV0053296,O0053296,C013297,2025-09-07,2025-10-07,4810.24,865.84,Issued
53311,Invalid Foreign Key: Order_ID,INV0053310,O0053310,C013311,2025-09-21,2025-10-21,312.8,56.3,Issued
53379,Invalid Foreign Key: Order_ID; Invalid Foreign Key: Customer_ID,INV0053378,O0053378,C013379,2025-11-28,2025-12-28,8032.7,1445.89,Issued
53751,Invalid Foreign Key: Order_ID,INV0053750,O0053750,C013751,2025-12-05,2026-01-04,1299.37,233.89,Issued
53958,Invalid Foreign Key: Order_ID; Invalid Foreign Key: Customer_ID,INV0053957,O0053957,C013958,2026-06-30,2026-07-30,4391.59,790.49,Issued
54166,Invalid Foreign Key: Order_ID; Invalid Foreign Key: Customer_ID,INV0054165,O0054165,C014166,2026-01-24,2026-02-23,1633.71,294.07,Issued
54251,Invalid Foreign Key: Order_ID,INV0054250,O0054250,C014251,2026-04-19,2026-05-19,1306.07,235.09,Issued
54751,Invalid Foreign Key: Order_ID,INV0054750,O0054750,C014751,2025-09-01,2025-10-01,1312.76,236.3,Issued
54953,Invalid Foreign Key: Order_ID; Invalid Foreign Key: Customer_ID,INV0054952,O0054952,C014953,2026-03-22,2026-04-21,4129.02,743.22,Issued
54955,Invalid Foreign Key: Order_ID; Invalid Foreign Key: Customer_ID,INV0054954,O0054954,C014955,2026-03-24,2026-04-23,6988.5,1257.93,Issued
55026,Invalid Foreign Key: Order_ID,INV0055025,O0055025,C015026,2026-06-03,2026-07-03,677.74,121.99,Issued
55088,Invalid Foreign Key: Order_ID,INV0055087,O0055087,C015088,2026-08-04,2026-09-03,6626.78,1192.82,Issued
55251,Invalid Foreign Key: Order_ID,INV0055250,O0055250,C015251,2026-01-14,2026-02-13,1272.58,229.06,Issued
55740,Invalid Foreign Key: Order_ID; Invalid Foreign Key: Customer_ID,INV0055739,O0055739,C015740,2026-05-18,2026-06-17,5091.76,916.52,Issued
55751,Invalid Foreign Key: Order_ID,INV0055750,O0055750,C015751,2026-05-29,2026-06-28,1326.16,238.71,Issued
55952,Invalid Foreign Key: Order_ID; Invalid Foreign Key: Customer_ID,INV0055951,O0055951,C015952,2025-12-16,2026-01-15,2661.55,479.08,Issued
56251,Invalid Foreign Key: Order_ID,INV0056250,O0056250,C016251,2025-10-11,2025-11-10,1285.97,231.48,Issued
56527,Invalid Foreign Key: Order_ID; Invalid Foreign Key: Customer_ID,INV0056526,O0056526,C016527,2026-07-14,2026-08-13,1411.46,254.06,Issued
56628,Invalid Foreign Key: Order_ID,INV0056627,O0056627,C016628,2025-10-23,2025-11-22,2201.9,396.34,Issued
56751,Invalid Foreign Key: Order_ID,INV0056750,O0056750,C016751,2026-02-23,2026-03-25,1292.67,232.68,Issued
56865,Invalid Foreign Key: Order_ID,INV0056864,O0056864,C016865,2026-06-17,2026-07-17,8302.35,1494.42,Issued
56949,Invalid Foreign Key: Order_ID; Invalid Foreign Key: Customer_ID,INV0056948,O0056948,C016949,2025-09-09,2025-10-09,5052.37,909.43,Issued
57227,Invalid Foreign Key: Order_ID,INV0057226,O0057226,C017227,2026-06-14,2026-07-14,1411.46,254.06,Issued
57251,Invalid Foreign Key: Order_ID,INV0057250,O0057250,C017251,2026-07-08,2026-08-07,1299.37,233.89,Issued
57314,Invalid Foreign Key: Order_ID; Invalid Foreign Key: Customer_ID,INV0057313,O0057313,C017314,2025-09-09,2025-10-09,1559.24,280.66,Issued
57751,Invalid Foreign Key: Order_ID,INV0057750,O0057750,C017751,2025-11-20,2025-12-20,1306.07,235.09,Overdue
57946,Invalid Foreign Key: Order_ID; Invalid Foreign Key: Customer_ID,INV0057945,O0057945,C017946,2026-06-03,2026-07-03,1152.2,207.4,Issued
58101,Invalid Foreign Key: Order_ID; Invalid Foreign Key: Customer_ID,INV0058100,O0058100,C018101,2025-11-05,2025-12-05,70.6,12.71,Issued
58251,Invalid Foreign Key: Order_ID,INV0058250,O0058250,C018251,2026-04-04,2026-05-04,1312.76,236.3,Issued
58642,Invalid Foreign Key: Order_ID,INV0058641,O0058641,C018642,2026-04-30,2026-05-30,2200.71,396.13,Overdue
58751,Invalid Foreign Key: Order_ID,INV0058750,O0058750,C018751,2026-08-17,2026-09-16,1272.58,229.06,Issued
58888,Invalid Foreign Key: Order_ID; Invalid Foreign Key: Customer_ID,INV0058887,O0058887,C018888,2026-01-01,2026-01-31,6695.1,1205.12,Issued
58943,Invalid Foreign Key: Order_ID; Invalid Foreign Key: Customer_ID,INV0058942,O0058942,C018943,2026-02-25,2026-03-27,3376.33,607.74,Issued
59251,Invalid Foreign Key: Order_ID,INV0059250,O0059250,C019251,2025-12-30,2026-01-29,1326.16,238.71,Issued
59428,Invalid Foreign Key: Order_ID,INV0059427,O0059427,C019428,2026-06-25,2026-07-25,2201.9,396.34,Issued
59675,Invalid Foreign Key: Order_ID; Invalid Foreign Key: Customer_ID,INV0059674,O0059674,C019675,2026-02-27,2026-03-29,9251.99,1665.36,Issued
59751,Invalid Foreign Key: Order_ID,INV0059750,O0059750,C019751,2026-05-14,2026-06-13,1285.97,231.48,Issued
59940,Invalid Foreign Key: Order_ID; Invalid Foreign Key: Customer_ID,INV0059939,O0059939,C019940,2025-11-19,2025-12-19,5091.76,916.52,Overdue
59959,Invalid Foreign Key: Order_ID,INV0059958,O0059958,C019959,2025-12-08,2026-01-07,6045.81,1088.25,Issued
60043,Invalid Foreign Key: Order_ID,INV0060042,O0060042,C000043,2026-03-02,2026-04-01,3342.23,601.6,Issued
60055,Duplicate Primary Key,INV0060053,O0060054,C000055,2026-03-14,2026-04-13,6952.48,1251.45,Issued
60251,Invalid Foreign Key: Order_ID,INV0060250,O0060250,C000251,2025-09-26,2025-10-26,1292.67,232.68,Issued
60419,Invalid Foreign Key: Order_ID,INV0060418,O0060418,C000419,2026-03-13,2026-04-12,2040.32,367.26,Issued
60751,Invalid Foreign Key: Order_ID,INV0060750,O0060750,C000751,2026-02-08,2026-03-10,1299.37,233.89,Issued
60787,Invalid Foreign Key: Order_ID; Invalid Foreign Key: Customer_ID,INV0060786,O0060786,C000787,2026-03-16,2026-04-15,4323.65,778.26,Overdue
60997,Invalid Foreign Key: Order_ID; Invalid Foreign Key: Customer_ID,INV0060996,O0060996,C000997,2025-10-12,2025-11-11,4810.24,865.84,Issued
61251,Invalid Foreign Key: Order_ID,INV0061250,O0061250,C001251,2026-06-23,2026-07-23,1306.07,235.09,Issued
61574,Invalid Foreign Key: Order_ID; Invalid Foreign Key: Customer_ID,INV0061573,O0061573,C001574,2026-05-12,2026-06-11,7420.63,1335.71,Issued
61629,Invalid Foreign Key: Order_ID,INV0061628,O0061628,C001629,2026-07-06,2026-08-05,3049.84,548.97,Issued
61751,Invalid Foreign Key: Order_ID,INV0061750,O0061750,C001751,2025-11-05,2025-12-05,1312.76,236.3,Issued
61994,Invalid Foreign Key: Order_ID; Invalid Foreign Key: Customer_ID,INV0061993,O0061993,C001994,2026-07-06,2026-08-05,9377.11,1687.88,Issued
62196,Invalid Foreign Key: Order_ID,INV0062195,O0062195,C002196,2026-01-24,2026-02-23,2417.99,435.24,Issued
62251,Invalid Foreign Key: Order_ID,INV0062250,O0062250,C002251,2026-03-20,2026-04-19,1272.58,229.06,Issued
62361,Invalid Foreign Key: Order_ID; Invalid Foreign Key: Customer_ID,INV0062360,O0062360,C002361,2026-07-08,2026-08-07,1545.2,278.14,Issued
62751,Invalid Foreign Key: Order_ID,INV0062750,O0062750,C002751,2026-08-02,2026-09-01,1326.16,238.71,Issued
62991,Invalid Foreign Key: Order_ID; Invalid Foreign Key: Customer_ID,INV0062990,O0062990,C002991,2026-03-30,2026-04-29,2282.68,410.88,Issued
63148,Invalid Foreign Key: Order_ID; Invalid Foreign Key: Customer_ID,INV0063147,O0063147,C003148,2025-09-03,2025-10-03,3695.82,665.25,Issued
63251,Invalid Foreign Key: Order_ID,INV0063250,O0063250,C003251,2025-12-15,2026-01-14,1285.97,231.48,Overdue
63290,Invalid Foreign Key: Order_ID,INV0063289,O0063289,C003290,2026-01-23,2026-02-22,11523.26,2074.19,Issued
63751,Invalid Foreign Key: Order_ID,INV0063750,O0063750,C003751,2026-04-29,2026-05-29,1292.67,232.68,Issued
63830,Invalid Foreign Key: Order_ID,INV0063829,O0063829,C003830,2026-07-17,2026-08-16,3956.03,712.09,Issued
63935,Invalid Foreign Key: Order_ID; Invalid Foreign Key: Customer_ID,INV0063934,O0063934,C003935,2025-10-30,2025-11-29,4576.94,823.85,Issued
63973,Invalid Foreign Key: Order_ID,INV0063972,O0063972,C003973,2025-12-07,2026-01-06,5406.74,973.21,Issued
63988,Invalid Foreign Key: Order_ID; Invalid Foreign Key: Customer_ID,INV0063987,O0063987,C003988,2025-12-22,2026-01-21,6660.94,1198.97,Overdue
64251,Invalid Foreign Key: Order_ID,INV0064250,O0064250,C004251,2025-09-11,2025-10-11,1299.37,233.89,Issued
64722,Invalid Foreign Key: Order_ID; Invalid Foreign Key: Customer_ID,INV0064721,O0064721,C004722,2025-12-26,2026-01-25,1148.76,206.78,Issued
64751,Invalid Foreign Key: Order_ID,INV0064750,O0064750,C004751,2026-01-24,2026-02-23,1306.07,235.09,Issued
64985,Invalid Foreign Key: Order_ID; Invalid Foreign Key: Customer_ID,INV0064984,O0064984,C004985,2025-09-15,2025-10-15,10785.96,1941.47,Issued
65251,Invalid Foreign Key: Order_ID,INV0065250,O0065250,C005251,2026-06-08,2026-07-08,1312.76,236.3,Issued
65509,Invalid Foreign Key: Order_ID; Invalid Foreign Key: Customer_ID,INV0065508,O0065508,C005509,2026-02-21,2026-03-23,1089.6,196.13,Issued
65750,Invalid Foreign Key: Order_ID,INV0065749,O0065749,C005750,2025-10-20,2025-11-19,6308.22,1135.48,Issued
65751,Invalid Foreign Key: Order_ID,INV0065750,O0065750,C005751,2025-10-21,2025-11-20,1272.58,229.06,Issued
65982,Invalid Foreign Key: Order_ID; Invalid Foreign Key: Customer_ID,INV0065981,O0065981,C005982,2026-06-09,2026-07-09,4037.86,726.81,Issued
66031,Invalid Foreign Key: Order_ID,INV0066030,O0066030,C006031,2026-07-28,2026-08-27,791.06,142.39,Issued
66251,Invalid Foreign Key: Order_ID,INV0066250,O0066250,C006251,2026-03-05,2026-04-04,1326.16,238.71,Issued
66296,Invalid Foreign Key: Order_ID; Invalid Foreign Key: Customer_ID,INV0066295,O0066295,C006296,2026-04-19,2026-05-19,2380.79,428.54,Issued
66621,Invalid Foreign Key: Order_ID,INV0066620,O0066620,C006621,2026-03-10,2026-04-09,558.99,100.62,Issued
66751,Invalid Foreign Key: Order_ID,INV0066750,O0066750,C006751,2026-07-18,2026-08-17,1285.97,231.48,Issued
66979,Invalid Foreign Key: Order_ID; Invalid Foreign Key: Customer_ID,INV0066978,O0066978,C006979,2026-03-03,2026-04-02,8114.67,1460.64,Issued
67083,Invalid Foreign Key: Order_ID; Invalid Foreign Key: Customer_ID,INV0067082,O0067082,C007083,2026-06-15,2026-07-15,6225.78,1120.64,Issued
67251,Invalid Foreign Key: Order_ID,INV0067250,O0067250,C007251,2025-11-30,2025-12-30,1292.67,232.68,Issued
67527,Invalid Foreign Key: Order_ID,INV0067526,O0067526,C007527,2025-09-02,2025-10-02,1418.77,255.38,Issued
67751,Invalid Foreign Key: Order_ID,INV0067750,O0067750,C007751,2026-04-14,2026-05-14,1299.37,233.89,Issued
67870,Invalid Foreign Key: Order_ID; Invalid Foreign Key: Customer_ID,INV0067869,O0067869,C007870,2026-08-11,2026-09-10,8832.2,1589.8,Issued
67976,Invalid Foreign Key: Order_ID; Invalid Foreign Key: Customer_ID,INV0067975,O0067975,C007976,2025-11-25,2025-12-25,1894.2,340.96,Issued
68232,Invalid Foreign Key: Order_ID,INV0068231,O0068231,C008232,2026-08-08,2026-09-07,1698.92,305.81,Issued
68251,Invalid Foreign Key: Order_ID,INV0068250,O0068250,C008251,2026-08-27,2026-09-26,1306.07,235.09,Issued
68657,Invalid Foreign Key: Order_ID; Invalid Foreign Key: Customer_ID,INV0068656,O0068656,C008657,2025-10-07,2025-11-06,2908.65,523.56,Issued
68751,Invalid Foreign Key: Order_ID,INV0068750,O0068750,C008751,2026-01-09,2026-02-08,1312.76,236.3,Overdue
68973,Invalid Foreign Key: Order_ID; Invalid Foreign Key: Customer_ID,INV0068972,O0068972,C008973,2026-08-19,2026-09-18,5492.11,988.58,Issued
69251,Invalid Foreign Key: Order_ID,INV0069250,O0069250,C009251,2026-05-24,2026-06-23,1272.58,229.06,Issued
69304,Invalid Foreign Key: Order_ID,INV0069303,O0069303,C009304,2026-07-16,2026-08-15,581.87,104.74,Issued
69444,Invalid Foreign Key: Order_ID; Invalid Foreign Key: Customer_ID,INV0069443,O0069443,C009444,2025-12-03,2026-01-02,4555.65,820.02,Overdue
69751,Invalid Foreign Key: Order_ID,INV0069750,O0069750,C009751,2025-10-06,2025-11-05,1326.16,238.71,Issued
69952,Invalid Foreign Key: Order_ID,INV0069951,O0069951,C009952,2026-04-25,2026-05-25,2661.55,479.08,Issued
69970,Invalid Foreign Key: Order_ID; Invalid Foreign Key: Customer_ID,INV0069969,O0069969,C009970,2026-05-13,2026-06-12,8832.2,1589.8,Issued
70050,Invalid Foreign Key: Order_ID,INV0070049,O0070049,C010050,2026-08-01,2026-08-31,6406.79,1153.22,Issued
70064,Duplicate Primary Key,INV0070062,O0070063,C010064,2026-08-15,2026-09-14,6509.15,1171.65,Issued
70231,Invalid Foreign Key: Order_ID; Invalid Foreign Key: Customer_ID,INV0070230,O0070230,C010231,2026-01-29,2026-02-28,791.06,142.39,Issued
70251,Invalid Foreign Key: Order_ID,INV0070250,O0070250,C010251,2026-02-18,2026-03-20,1285.97,231.48,Issued
70433,Invalid Foreign Key: Order_ID,INV0070432,O0070432,C010433,2026-08-19,2026-09-18,2544.14,457.95,Issued
70751,Invalid Foreign Key: Order_ID,INV0070750,O0070750,C010751,2026-07-03,2026-08-02,1292.67,232.68,Issued
70967,Invalid Foreign Key: Order_ID; Invalid Foreign Key: Customer_ID,INV0070966,O0070966,C010967,2026-02-04,2026-03-06,3402.83,612.51,Issued
71018,Invalid Foreign Key: Order_ID; Invalid Foreign Key: Customer_ID,INV0071017,O0071017,C011018,2026-03-27,2026-04-26,1494.62,269.03,Issued
71081,Invalid Foreign Key: Order_ID,INV0071080,O0071080,C011081,2026-05-29,2026-06-28,2078.85,374.19,Issued
71251,Invalid Foreign Key: Order_ID,INV0071250,O0071250,C011251,2025-11-15,2025-12-15,1299.37,233.89,Issued
71751,Invalid Foreign Key: Order_ID,INV0071750,O0071750,C011751,2026-03-30,2026-04-29,1306.07,235.09,Issued
71805,Invalid Foreign Key: Order_ID; Invalid Foreign Key: Customer_ID,INV0071804,O0071804,C011805,2026-05-23,2026-06-22,834.14,150.15,Issued
71964,Invalid Foreign Key: Order_ID; Invalid Foreign Key: Customer_ID,INV0071963,O0071963,C011964,2025-10-29,2025-11-28,6542.54,1177.66,Issued
72251,Invalid Foreign Key: Order_ID,INV0072250,O0072250,C012251,2026-08-12,2026-09-11,1312.76,236.3,Issued
72592,Invalid Foreign Key: Order_ID; Invalid Foreign Key: Customer_ID,INV0072591,O0072591,C012592,2026-07-19,2026-08-18,4590.73,826.33,Issued
72634,Invalid Foreign Key: Order_ID,INV0072633,O0072633,C012634,2026-08-30,2026-09-29,3507.68,631.38,Overdue
72751,Invalid Foreign Key: Order_ID,INV0072750,O0072750,C012751,2025-12-25,2026-01-24,1272.58,229.06,Issued
72858,Invalid Foreign Key: Order_ID,INV0072857,O0072857,C012858,2026-04-11,2026-05-11,4391.59,790.49,Issued
72961,Invalid Foreign Key: Order_ID; Invalid Foreign Key: Customer_ID,INV0072960,O0072960,C012961,2026-07-23,2026-08-22,1513.34,272.4,Issued
73251,Invalid Foreign Key: Order_ID,INV0073250,O0073250,C013251,2026-05-09,2026-06-08,1326.16,238.71,Issued
73283,Invalid Foreign Key: Order_ID,INV0073282,O0073282,C013283,2026-06-10,2026-07-10,6129.01,1103.22,Overdue
73379,Invalid Foreign Key: Order_ID; Invalid Foreign Key: Customer_ID,INV0073378,O0073378,C013379,2025-09-14,2025-10-14,7950.73,1431.13,Issued
73751,Invalid Foreign Key: Order_ID,INV0073750,O0073750,C013751,2025-09-21,2025-10-21,1285.97,231.48,Issued
73958,Invalid Foreign Key: Order_ID; Invalid Foreign Key: Customer_ID,INV0073957,O0073957,C013958,2026-04-16,2026-05-16,4505.36,810.96,Issued
74166,Invalid Foreign Key: Order_ID; Invalid Foreign Key: Customer_ID,INV0074165,O0074165,C014166,2025-11-10,2025-12-10,1676.71,301.81,Issued
74251,Invalid Foreign Key: Order_ID,INV0074250,O0074250,C014251,2026-02-03,2026-03-05,1292.67,232.68,Overdue
74635,Invalid Foreign Key: Order_ID,INV0074634,O0074634,C014635,2026-02-22,2026-03-24,4553.58,819.65,Issued
74751,Invalid Foreign Key: Order_ID,INV0074750,O0074750,C014751,2026-06-18,2026-07-18,1299.37,233.89,Issued
74835,Invalid Foreign Key: Order_ID,INV0074834,O0074834,C014835,2025-09-10,2025-10-10,4530.23,815.44,Issued
74953,Invalid Foreign Key: Order_ID; Invalid Foreign Key: Customer_ID,INV0074952,O0074952,C014953,2026-01-06,2026-02-05,4087.31,735.72,Issued
74955,Invalid Foreign Key: Order_ID; Invalid Foreign Key: Customer_ID,INV0074954,O0074954,C014955,2026-01-08,2026-02-07,6916.45,1244.96,Overdue
75251,Invalid Foreign Key: Order_ID,INV0075250,O0075250,C015251,2025-10-31,2025-11-30,1306.07,235.09,Issued
75740,Invalid Foreign Key: Order_ID; Invalid Foreign Key: Customer_ID,INV0075739,O0075739,C015740,2026-03-04,2026-04-03,5038.72,906.97,Issued
75751,Invalid Foreign Key: Order_ID,INV0075750,O0075750,C015751,2026-03-15,2026-04-14,1312.76,236.3,Issued
75952,Invalid Foreign Key: Order_ID; Invalid Foreign Key: Customer_ID,INV0075951,O0075951,C015952,2025-10-02,2025-11-01,2634.25,474.17,Issued
76251,Invalid Foreign Key: Order_ID,INV0076250,O0076250,C016251,2026-07-28,2026-08-27,1272.58,229.06,Issued
76412,Invalid Foreign Key: Order_ID,INV0076411,O0076411,C016412,2026-01-05,2026-02-04,667.24,120.1,Issued
76527,Invalid Foreign Key: Order_ID; Invalid Foreign Key: Customer_ID,INV0076526,O0076526,C016527,2026-04-30,2026-05-30,1448.02,260.64,Issued
76614,Invalid Foreign Key: Order_ID,INV0076613,O0076613,C016614,2026-07-26,2026-08-25,1543.17,277.77,Issued
76751,Invalid Foreign Key: Order_ID,INV0076750,O0076750,C016751,2025-12-10,2026-01-09,1326.16,238.71,Issued
76949,Invalid Foreign Key: Order_ID; Invalid Foreign Key: Customer_ID,INV0076948,O0076948,C016949,2026-06-26,2026-07-26,5000.82,900.15,Issued
77036,Invalid Foreign Key: Order_ID,INV0077035,O0077035,C017036,2025-09-21,2025-10-21,935.43,168.38,Issued
77251,Invalid Foreign Key: Order_ID,INV0077250,O0077250,C017251,2026-04-24,2026-05-24,1285.97,231.48,Issued
77314,Invalid Foreign Key: Order_ID; Invalid Foreign Key: Customer_ID,INV0077313,O0077313,C017314,2026-06-26,2026-07-26,1543.17,277.77,Issued
77751,Invalid Foreign Key: Order_ID,INV0077750,O0077750,C017751,2025-09-06,2025-10-06,1292.67,232.68,Issued
77946,Invalid Foreign Key: Order_ID; Invalid Foreign Key: Customer_ID,INV0077945,O0077945,C017946,2026-03-20,2026-04-19,1182.52,212.85,Issued
78101,Invalid Foreign Key: Order_ID; Invalid Foreign Key: Customer_ID,INV0078100,O0078100,C018101,2026-08-22,2026-09-21,69.87,12.58,Overdue
78189,Invalid Foreign Key: Order_ID,INV0078188,O0078188,C018189,2025-11-18,2025-12-18,8841.94,1591.55,Overdue
78251,Invalid Foreign Key: Order_ID,INV0078250,O0078250,C018251,2026-01-19,2026-02-18,1299.37,233.89,Issued
78751,Invalid Foreign Key: Order_ID,INV0078750,O0078750,C018751,2026-06-03,2026-07-03,1306.07,235.09,Issued
78888,Invalid Foreign Key: Order_ID; Invalid Foreign Key: Customer_ID,INV0078887,O0078887,C018888,2025-10-18,2025-11-17,6626.78,1192.82,Issued
78943,Invalid Foreign Key: Order_ID; Invalid Foreign Key: Customer_ID,INV0078942,O0078942,C018943,2025-12-12,2026-01-11,3342.23,601.6,Issued
79237,Invalid Foreign Key: Order_ID,INV0079236,O0079236,C019237,2025-10-02,2025-11-01,1930.12,347.42,Issued
79251,Invalid Foreign Key: Order_ID,INV0079250,O0079250,C019251,2025-10-16,2025-11-15,1312.76,236.3,Issued
79675,Invalid Foreign Key: Order_ID; Invalid Foreign Key: Customer_ID,INV0079674,O0079674,C019675,2025-12-14,2026-01-13,9495.46,1709.18,Issued
79751,Invalid Foreign Key: Order_ID,INV0079750,O0079750,C019751,2026-02-28,2026-03-30,1272.58,229.06,Overdue
79940,Invalid Foreign Key: Order_ID; Invalid Foreign Key: Customer_ID,INV0079939,O0079939,C019940,2025-09-05,2025-10-05,5038.72,906.97,Issued
79945,Invalid Foreign Key: Order_ID,INV0079944,O0079944,C019945,2025-09-10,2025-10-10,5759.37,1036.69,Issued
79966,Invalid Foreign Key: Order_ID,INV0079965,O0079965,C019966,2025-10-01,2025-10-31,1668.11,300.26,Issued
80057,Invalid Foreign Key: Order_ID,INV0080056,O0080056,C000057,2025-12-31,2026-01-30,2893.73,520.87,Issued
80073,Duplicate Primary Key,INV0080071,O0080072,C000073,2026-01-16,2026-02-15,5406.74,973.21,Issued
80251,Invalid Foreign Key: Order_ID,INV0080250,O0080250,C000251,2026-07-13,2026-08-12,1326.16,238.71,Issued
80751,Invalid Foreign Key: Order_ID,INV0080750,O0080750,C000751,2025-11-25,2025-12-25,1285.97,231.48,Issued
80787,Invalid Foreign Key: Order_ID; Invalid Foreign Key: Customer_ID,INV0080786,O0080786,C000787,2025-12-31,2026-01-30,4278.61,770.15,Issued
80997,Invalid Foreign Key: Order_ID; Invalid Foreign Key: Customer_ID,INV0080996,O0080996,C000997,2026-07-29,2026-08-28,4760.13,856.82,Issued
81251,Invalid Foreign Key: Order_ID,INV0081250,O0081250,C001251,2026-04-09,2026-05-09,1292.67,232.68,Issued
81438,Invalid Foreign Key: Order_ID,INV0081437,O0081437,C001438,2025-10-13,2025-11-12,2878.78,518.18,Issued
81574,Invalid Foreign Key: Order_ID; Invalid Foreign Key: Customer_ID,INV0081573,O0081573,C001574,2026-02-26,2026-03-28,7612.88,1370.32,Issued
81743,Invalid Foreign Key: Order_ID,INV0081742,O0081742,C001743,2026-08-14,2026-09-13,3342.23,601.6,Issued
81751,Invalid Foreign Key: Order_ID,INV0081750,O0081750,C001751,2026-08-22,2026-09-21,1299.37,233.89,Issued
81994,Invalid Foreign Key: Order_ID; Invalid Foreign Key: Customer_ID,INV0081993,O0081993,C001994,2026-04-22,2026-05-22,9620.04,1731.61,Issued
82251,Invalid Foreign Key: Order_ID,INV0082250,O0082250,C002251,2026-01-04,2026-02-03,1306.07,235.09,Issued
82361,Invalid Foreign Key: Order_ID; Invalid Foreign Key: Customer_ID,INV0082360,O0082360,C002361,2026-04-24,2026-05-24,1529.27,275.27,Issued
82751,Invalid Foreign Key: Order_ID,INV0082750,O0082750,C002751,2026-05-19,2026-06-18,1312.76,236.3,Issued
82991,Invalid Foreign Key: Order_ID; Invalid Foreign Key: Customer_ID,INV0082990,O0082990,C002991,2026-01-14,2026-02-13,2259.14,406.65,Issued
83148,Invalid Foreign Key: Order_ID; Invalid Foreign Key: Customer_ID,INV0083147,O0083147,C003148,2026-06-20,2026-07-20,3657.91,658.42,Issued
83251,Invalid Foreign Key: Order_ID,INV0083250,O0083250,C003251,2025-10-01,2025-10-31,1272.58,229.06,Issued
83276,Invalid Foreign Key: Order_ID,INV0083275,O0083275,C003276,2025-10-26,2025-11-25,1933.67,348.06,Issued
83520,Invalid Foreign Key: Order_ID,INV0083519,O0083519,C003520,2026-06-27,2026-07-27,2741.93,493.55,Issued
83639,Invalid Foreign Key: Order_ID,INV0083638,O0083638,C003639,2025-10-24,2025-11-23,4100.34,738.06,Issued
83751,Invalid Foreign Key: Order_ID,INV0083750,O0083750,C003751,2026-02-13,2026-03-15,1326.16,238.71,Issued
83935,Invalid Foreign Key: Order_ID; Invalid Foreign Key: Customer_ID,INV0083934,O0083934,C003935,2026-08-16,2026-09-15,4530.23,815.44,Issued
83988,Invalid Foreign Key: Order_ID; Invalid Foreign Key: Customer_ID,INV0083987,O0083987,C003988,2025-10-08,2025-11-07,6592.62,1186.67,Issued
84251,Invalid Foreign Key: Order_ID,INV0084250,O0084250,C004251,2026-06-28,2026-07-28,1285.97,231.48,Issued
84722,Invalid Foreign Key: Order_ID; Invalid Foreign Key: Customer_ID,INV0084721,O0084721,C004722,2025-10-12,2025-11-11,1178.99,212.22,Issued
84751,Invalid Foreign Key: Order_ID,INV0084750,O0084750,C004751,2025-11-10,2025-12-10,1292.67,232.68,Issued
84985,Invalid Foreign Key: Order_ID; Invalid Foreign Key: Customer_ID,INV0084984,O0084984,C004985,2026-07-02,2026-08-01,10675.9,1921.66,Issued
85251,Invalid Foreign Key: Order_ID,INV0085250,O0085250,C005251,2026-03-25,2026-04-24,1299.37,233.89,Overdue
85297,Invalid Foreign Key: Order_ID,INV0085296,O0085296,C005297,2026-05-10,2026-06-09,4835.29,870.35,Issued
85509,Invalid Foreign Key: Order_ID; Invalid Foreign Key: Customer_ID,INV0085508,O0085508,C005509,2025-12-08,2026-01-07,1078.6,194.15,Issued
85751,Invalid Foreign Key: Order_ID,INV0085750,O0085750,C005751,2026-08-07,2026-09-06,1306.07,235.09,Issued
85840,Invalid Foreign Key: Order_ID,INV0085839,O0085839,C005840,2025-11-04,2025-12-04,5091.76,916.52,Issued
85982,Invalid Foreign Key: Order_ID; Invalid Foreign Key: Customer_ID,INV0085981,O0085981,C005982,2026-03-26,2026-04-25,4144.11,745.94,Issued
86251,Invalid Foreign Key: Order_ID,INV0086250,O0086250,C006251,2025-12-20,2026-01-19,1312.76,236.3,Issued
86296,Invalid Foreign Key: Order_ID; Invalid Foreign Key: Customer_ID,INV0086295,O0086295,C006296,2026-02-03,2026-03-05,2355.99,424.08,Overdue
86607,Invalid Foreign Key: Order_ID,INV0086606,O0086606,C006607,2025-12-11,2026-01-10,444.44,80.0,Issued
86751,Invalid Foreign Key: Order_ID,INV0086750,O0086750,C006751,2026-05-04,2026-06-03,1272.58,229.06,Issued
86979,Invalid Foreign Key: Order_ID; Invalid Foreign Key: Customer_ID,INV0086978,O0086978,C006979,2025-12-18,2026-01-17,8032.7,1445.89,Issued
87074,Invalid Foreign Key: Order_ID,INV0087073,O0087073,C007074,2026-03-23,2026-04-22,7497.53,1349.56,Issued
87083,Invalid Foreign Key: Order_ID; Invalid Foreign Key: Customer_ID,INV0087082,O0087082,C007083,2026-04-01,2026-05-01,6387.07,1149.67,Issued
87251,Invalid Foreign Key: Order_ID,INV0087250,O0087250,C007251,2025-09-16,2025-10-16,1326.16,238.71,Issued
87751,Invalid Foreign Key: Order_ID,INV0087750,O0087750,C007751,2026-01-29,2026-02-28,1285.97,231.48,Issued
87870,Invalid Foreign Key: Order_ID; Invalid Foreign Key: Customer_ID,INV0087869,O0087869,C007870,2026-05-28,2026-06-27,8741.14,1573.41,Issued
87976,Invalid Foreign Key: Order_ID; Invalid Foreign Key: Customer_ID,INV0087975,O0087975,C007976,2025-09-11,2025-10-11,1874.47,337.41,Issued
88041,Invalid Foreign Key: Order_ID,INV0088040,O0088040,C008041,2025-11-15,2025-12-15,1048.11,188.66,Issued
88251,Invalid Foreign Key: Order_ID,INV0088250,O0088250,C008251,2026-06-13,2026-07-13,1292.67,232.68,Issued
88657,Invalid Foreign Key: Order_ID; Invalid Foreign Key: Customer_ID,INV0088656,O0088656,C008657,2026-07-24,2026-08-23,2878.81,518.19,Issued
88751,Invalid Foreign Key: Order_ID,INV0088750,O0088750,C008751,2025-10-26,2025-11-25,1299.37,233.89,Issued
88851,Invalid Foreign Key: Order_ID,INV0088850,O0088850,C008851,2026-02-03,2026-03-05,1272.58,229.06,Issued
88973,Invalid Foreign Key: Order_ID; Invalid Foreign Key: Customer_ID,INV0088972,O0088972,C008973,2026-06-05,2026-07-05,5634.39,1014.19,Issued
89251,Invalid Foreign Key: Order_ID,INV0089250,O0089250,C009251,2026-03-10,2026-04-09,1306.07,235.09,Issued
89444,Invalid Foreign Key: Order_ID; Invalid Foreign Key: Customer_ID,INV0089443,O0089443,C009444,2025-09-19,2025-10-19,4509.16,811.65,Issued
89751,Invalid Foreign Key: Order_ID,INV0089750,O0089750,C009751,2026-07-23,2026-08-22,1312.76,236.3,Issued
89938,Invalid Foreign Key: Order_ID,INV0089937,O0089937,C009938,2026-01-26,2026-02-25,2924.23,526.36,Issued
89970,Invalid Foreign Key: Order_ID; Invalid Foreign Key: Customer_ID,INV0089969,O0089969,C009970,2026-02-27,2026-03-29,8741.14,1573.41,Overdue
90064,Invalid Foreign Key: Order_ID,INV0090063,O0090063,C010064,2026-06-01,2026-07-01,6442.39,1159.63,Issued
90082,Duplicate Primary Key,INV0090080,O0090081,C010082,2026-06-19,2026-07-19,4080.36,734.46,Issued
90231,Invalid Foreign Key: Order_ID; Invalid Foreign Key: Customer_ID,INV0090230,O0090230,C010231,2025-11-15,2025-12-15,811.88,146.14,Issued
90242,Invalid Foreign Key: Order_ID,INV0090241,O0090241,C010242,2025-11-26,2025-12-26,2156.25,388.13,Issued
90251,Invalid Foreign Key: Order_ID,INV0090250,O0090250,C010251,2025-12-05,2026-01-04,1272.58,229.06,Issued
90628,Invalid Foreign Key: Order_ID,INV0090627,O0090627,C010628,2025-12-17,2026-01-16,2179.2,392.26,Issued
90751,Invalid Foreign Key: Order_ID,INV0090750,O0090750,C010751,2026-04-19,2026-05-19,1326.16,238.71,Overdue
90967,Invalid Foreign Key: Order_ID; Invalid Foreign Key: Customer_ID,INV0090966,O0090966,C010967,2025-11-21,2025-12-21,3367.93,606.23,Issued
91018,Invalid Foreign Key: Order_ID; Invalid Foreign Key: Customer_ID,INV0091017,O0091017,C011018,2026-01-11,2026-02-10,1479.52,266.31,Issued
91251,Invalid Foreign Key: Order_ID,INV0091250,O0091250,C011251,2025-09-01,2025-10-01,1285.97,231.48,Issued
91751,Invalid Foreign Key: Order_ID,INV0091750,O0091750,C011751,2026-01-14,2026-02-13,1292.67,232.68,Issued
91805,Invalid Foreign Key: Order_ID; Invalid Foreign Key: Customer_ID,INV0091804,O0091804,C011805,2026-03-09,2026-04-08,825.46,148.58,Issued
91964,Invalid Foreign Key: Order_ID; Invalid Foreign Key: Customer_ID,INV0091963,O0091963,C011964,2026-08-15,2026-09-14,6475.77,1165.64,Issued
92251,Invalid Foreign Key: Order_ID,INV0092250,O0092250,C012251,2026-05-29,2026-06-28,1299.37,233.89,Issued
92405,Invalid Foreign Key: Order_ID,INV0092404,O0092404,C012405,2025-10-30,2025-11-29,842.83,151.71,Issued
92443,Invalid Foreign Key: Order_ID,INV0092442,O0092442,C012443,2025-12-07,2026-01-06,3325.18,598.53,Issued
92592,Invalid Foreign Key: Order_ID; Invalid Foreign Key: Customer_ID,INV0092591,O0092591,C012592,2026-05-05,2026-06-04,4709.66,847.74,Issued
92751,Invalid Foreign Key: Order_ID,INV0092750,O0092750,C012751,2025-10-11,2025-11-10,1306.07,235.09,Issued
92961,Invalid Foreign Key: Order_ID; Invalid Foreign Key: Customer_ID,INV0092960,O0092960,C012961,2026-05-09,2026-06-08,1553.16,279.57,Issued
93251,Invalid Foreign Key: Order_ID,INV0093250,O0093250,C013251,2026-02-23,2026-03-25,1312.76,236.3,Issued
93269,Invalid Foreign Key: Order_ID,INV0093268,O0093268,C013269,2026-03-13,2026-04-12,7003.34,1260.6,Issued
93379,Invalid Foreign Key: Order_ID; Invalid Foreign Key: Customer_ID,INV0093378,O0093378,C013379,2026-07-01,2026-07-31,7868.77,1416.38,Issued
93751,Invalid Foreign Key: Order_ID,INV0093750,O0093750,C013751,2026-07-08,2026-08-07,1272.58,229.06,Issued
93958,Invalid Foreign Key: Order_ID; Invalid Foreign Key: Customer_ID,INV0093957,O0093957,C013958,2026-01-31,2026-03-02,4459.85,802.77,Issued
94166,Invalid Foreign Key: Order_ID; Invalid Foreign Key: Customer_ID,INV0094165,O0094165,C014166,2026-08-27,2026-09-26,1659.51,298.71,Issued
94182,Invalid Foreign Key: Order_ID,INV0094181,O0094181,C014182,2025-09-12,2025-10-12,4165.37,749.77,Issued
94251,Invalid Foreign Key: Order_ID,INV0094250,O0094250,C014251,2025-11-20,2025-12-20,1326.16,238.71,Issued
94644,Invalid Foreign Key: Order_ID,INV0094643,O0094643,C014644,2025-12-18,2026-01-17,4555.65,820.02,Issued
94751,Invalid Foreign Key: Order_ID,INV0094750,O0094750,C014751,2026-04-04,2026-05-04,1285.97,231.48,Issued
94953,Invalid Foreign Key: Order_ID; Invalid Foreign Key: Customer_ID,INV0094952,O0094952,C014953,2025-10-23,2025-11-22,4045.6,728.21,Overdue
94955,Invalid Foreign Key: Order_ID; Invalid Foreign Key: Customer_ID,INV0094954,O0094954,C014955,2025-10-25,2025-11-24,6844.41,1231.99,Issued
95251,Invalid Foreign Key: Order_ID,INV0095250,O0095250,C015251,2026-08-17,2026-09-16,1292.67,232.68,Issued
95740,Invalid Foreign Key: Order_ID; Invalid Foreign Key: Customer_ID,INV0095739,O0095739,C015740,2025-12-19,2026-01-18,5171.32,930.84,Issued
95751,Invalid Foreign Key: Order_ID,INV0095750,O0095750,C015751,2025-12-30,2026-01-29,1299.37,233.89,Issued
95952,Invalid Foreign Key: Order_ID; Invalid Foreign Key: Customer_ID,INV0095951,O0095951,C015952,2026-07-19,2026-08-18,2702.5,486.45,Issued
95959,Invalid Foreign Key: Order_ID,INV0095958,O0095958,C015959,2026-07-26,2026-08-25,6107.51,1099.35,Issued
96251,Invalid Foreign Key: Order_ID,INV0096250,O0096250,C016251,2026-05-14,2026-06-13,1306.07,235.09,Overdue
96527,Invalid Foreign Key: Order_ID; Invalid Foreign Key: Customer_ID,INV0096526,O0096526,C016527,2026-02-14,2026-03-16,1433.4,258.01,Issued
96600,Invalid Foreign Key: Order_ID,INV0096599,O0096599,C016600,2026-04-28,2026-05-28,12261.46,2207.06,Issued
96751,Invalid Foreign Key: Order_ID,INV0096750,O0096750,C016751,2025-09-26,2025-10-26,1312.76,236.3,Issued
96845,Invalid Foreign Key: Order_ID,INV0096844,O0096844,C016845,2025-12-29,2026-01-28,5640.62,1015.31,Overdue
96949,Invalid Foreign Key: Order_ID; Invalid Foreign Key: Customer_ID,INV0096948,O0096948,C016949,2026-04-12,2026-05-12,4949.26,890.87,Issued
97251,Invalid Foreign Key: Order_ID,INV0097250,O0097250,C017251,2026-02-08,2026-03-10,1272.58,229.06,Issued
97314,Invalid Foreign Key: Order_ID; Invalid Foreign Key: Customer_ID,INV0097313,O0097313,C017314,2026-04-12,2026-05-12,1527.09,274.88,Issued
97736,Invalid Foreign Key: Order_ID,INV0097735,O0097735,C017736,2026-06-08,2026-07-08,925.83,166.65,Overdue
97751,Invalid Foreign Key: Order_ID,INV0097750,O0097750,C017751,2026-06-23,2026-07-23,1326.16,238.71,Issued
97946,Invalid Foreign Key: Order_ID; Invalid Foreign Key: Customer_ID,INV0097945,O0097945,C017946,2026-01-04,2026-02-03,1170.39,210.67,Issued
98101,Invalid Foreign Key: Order_ID; Invalid Foreign Key: Customer_ID,INV0098100,O0098100,C018101,2026-06-08,2026-07-08,71.68,12.9,Issued
98251,Invalid Foreign Key: Order_ID,INV0098250,O0098250,C018251,2025-11-05,2025-12-05,1285.97,231.48,Issued
98751,Invalid Foreign Key: Order_ID,INV0098750,O0098750,C018751,2026-03-20,2026-04-19,1292.67,232.68,Issued
98888,Invalid Foreign Key: Order_ID; Invalid Foreign Key: Customer_ID,INV0098887,O0098887,C018888,2026-08-04,2026-09-03,6558.46,1180.52,Issued
98943,Invalid Foreign Key: Order_ID; Invalid Foreign Key: Customer_ID,INV0098942,O0098942,C018943,2025-09-28,2025-10-28,3308.12,595.46,Issued
99046,Invalid Foreign Key: Order_ID,INV0099045,O0099045,C019046,2026-01-09,2026-02-08,1200.71,216.13,Issued
99251,Invalid Foreign Key: Order_ID,INV0099250,O0099250,C019251,2026-08-02,2026-09-01,1299.37,233.89,Issued
99513,Invalid Foreign Key: Order_ID,INV0099512,O0099512,C019513,2026-04-21,2026-05-21,1101.33,198.24,Issued
99675,Invalid Foreign Key: Order_ID; Invalid Foreign Key: Customer_ID,INV0099674,O0099674,C019675,2025-09-30,2025-10-30,9398.07,1691.65,Issued
99751,Invalid Foreign Key: Order_ID,INV0099750,O0099750,C019751,2025-12-15,2026-01-14,1306.07,235.09,Issued
99931,Invalid Foreign Key: Order_ID,INV0099930,O0099930,C019931,2026-06-13,2026-07-13,799.39,143.89,Issued
99940,Invalid Foreign Key: Order_ID; Invalid Foreign Key: Customer_ID,INV0099939,O0099939,C019940,2026-06-22,2026-07-22,5171.32,930.84,Issued
100091,Duplicate Primary Key,INV0100089,O0000090,C000091,2025-11-30,2025-12-30,3388.71,609.97,Issued
100251,Invalid Foreign Key: Order_ID,INV0100250,O0000250,C000251,2026-05-09,2026-06-08,1949.05,350.83,Issued
100751,Invalid Foreign Key: Order_ID,INV0100750,O0000750,C000751,2025-09-21,2025-10-21,1935.66,348.42,Issued
100787,Invalid Foreign Key: Order_ID; Invalid Foreign Key: Customer_ID,INV0100786,O0000786,C000787,2025-10-27,2025-11-26,6598.07,1187.65,Issued
100997,Invalid Foreign Key: Order_ID; Invalid Foreign Key: Customer_ID,INV0100996,O0000996,C000997,2026-05-25,2026-06-24,7340.62,1321.31,Issued
101251,Invalid Foreign Key: Order_ID,INV0101250,O0001250,C001251,2026-02-03,2026-03-05,1969.15,354.45,Issued
101574,Invalid Foreign Key: Order_ID; Invalid Foreign Key: Customer_ID,INV0101573,O0001573,C001574,2025-12-23,2026-01-22,11188.62,2013.95,Issued
101751,Invalid Foreign Key: Order_ID,INV0101750,O0001750,C001751,2026-06-18,2026-07-18,1955.75,352.04,Overdue
101778,Invalid Foreign Key: Order_ID,INV0101777,O0001777,C001778,2026-07-15,2026-08-14,8742.88,1573.72,Issued
101994,Invalid Foreign Key: Order_ID; Invalid Foreign Key: Customer_ID,INV0101993,O0001993,C001994,2026-02-16,2026-03-18,14138.54,2544.94,Issued
