Source_Row,Reject_Reasons,Purchase_ID,Supplier_ID,Product_ID,Warehouse_ID,Purchase_Date,Quantity,Unit_Cost,Expected_Date,Delivery_Date,Rejected_Quantity
307,Invalid Foreign Key: Product_ID,PU0000306,S00107,P00307,W007,2026-07-04,356,1017.6,2026-07-24,2026-08-13,0
343,Future Date: Delivery_Date,PU0000342,S00143,P00343,W003,2026-08-09,392,5215.2,2026-08-29,2026-09-18,0
352,Future Date: Delivery_Date,PU0000351,S00152,P00352,W012,2026-08-18,401,6087.3,2026-09-07,2026-09-27,0
358,Future Date: Delivery_Date,PU0000357,S00158,P00358,W018,2026-08-24,407,7161.3,2026-09-13,2026-09-16,0
359,Future Date: Delivery_Date,PU0000358,S00159,P00359,W019,2026-08-25,408,7348.000000000001,2026-09-14,2026-09-18,0
360,Future Date: Delivery_Date,PU0000359,S00160,P00360,W020,2026-08-26,409,7536.900000000001,2026-09-15,2026-09-20,0
361,Future Date: Delivery_Date,PU0000360,S00161,P00361,W001,2026-08-27,410,6900.0,2026-09-16,2026-10-06,33
362,Future Date: Delivery_Date,PU0000361,S00162,P00362,W002,2026-08-28,411,7080.1,2026-09-17,2026-09-18,0
363,Future Date: Delivery_Date,PU0000362,S00163,P00363,W003,2026-08-29,412,7262.400000000001,2026-09-18,2026-09-20,0
364,Future Date: Delivery_Date,PU0000363,S00164,P00364,W004,2026-08-30,413,7446.900000000001,2026-09-19,2026-09-22,0
365,Future Date: Delivery_Date,PU0000364,S00165,P00365,W005,2026-08-31,414,7633.6,2026-09-20,2026-09-24,0
421,Invalid Foreign Key: Product_ID,PU0000420,S00021,P00421,W001,2025-10-26,470,2500.0,2025-11-15,2025-11-15,38
499,Invalid Foreign Key: Product_ID,PU0000498,S00099,P00499,W019,2026-01-12,98,11744.8,2026-02-01,2026-02-01,0
577,Invalid Foreign Key: Product_ID,PU0000576,S00177,P00577,W017,2026-03-31,176,8660.0,2026-04-20,2026-05-10,0
614,Invalid Foreign Key: Product_ID,PU0000613,S00014,P00614,W014,2026-05-07,213,1747.3,2026-05-27,2026-05-28,0
712,Future Date: Delivery_Date,PU0000711,S00112,P00712,W012,2026-08-13,311,1555.3,2026-09-02,2026-09-22,0
721,Future Date: Delivery_Date,PU0000720,S00121,P00721,W001,2026-08-22,320,2500.0,2026-09-11,2026-10-01,26
724,Future Date: Delivery_Date,PU0000723,S00124,P00724,W004,2026-08-25,323,2914.9,2026-09-14,2026-09-17,0
725,Future Date: Delivery_Date,PU0000724,S00125,P00725,W005,2026-08-26,324,3057.6,2026-09-15,2026-09-19,0
726,Future Date: Delivery_Date,PU0000725,S00126,P00726,W006,2026-08-27,325,3202.5,2026-09-16,2026-09-21,0
727,Future Date: Delivery_Date,PU0000726,S00127,P00727,W007,2026-08-28,326,3349.6000000000004,2026-09-17,2026-09-17,0
728,Future Date: Delivery_Date,PU0000727,S00128,P00728,W008,2026-08-29,327,3498.9,2026-09-18,2026-09-19,0
729,Future Date: Delivery_Date,PU0000728,S00129,P00729,W009,2026-08-30,328,3650.4,2026-09-19,2026-09-21,0
730,Future Date: Delivery_Date,PU0000729,S00130,P00730,W010,2026-08-31,329,3804.1,2026-09-20,2026-10-10,0
842,Invalid Foreign Key: Product_ID,PU0000841,S00042,P00842,W002,2025-12-21,441,4858.1,2026-01-10,2026-01-11,0
921,Invalid Foreign Key: Product_ID,PU0000920,S00121,P00921,W001,2026-03-10,70,2700.0,2026-03-30,2026-04-01,6
998,Invalid Foreign Key: Product_ID,PU0000997,S00198,P00998,W018,2026-05-26,147,11079.7,2026-06-15,2026-06-16,0
1072,Future Date: Delivery_Date,PU0001071,S00072,P00072,W012,2026-08-08,221,8353.300000000001,2026-08-28,2026-09-17,0
1081,Future Date: Delivery_Date,PU0001080,S00081,P00081,W001,2026-08-17,230,9100.0,2026-09-06,2026-09-26,19
1086,Future Date: Delivery_Date,PU0001085,S00086,P00086,W006,2026-08-22,235,10132.5,2026-09-11,2026-09-16,0
1089,Future Date: Delivery_Date,PU0001088,S00089,P00089,W009,2026-08-25,238,10778.4,2026-09-14,2026-09-16,0
1090,Future Date: Delivery_Date,PU0001089,S00090,P00090,W010,2026-08-26,239,10998.1,2026-09-15,2026-10-05,0
1091,Future Date: Delivery_Date,PU0001090,S00091,P00091,W011,2026-08-27,240,11220.0,2026-09-16,2026-09-20,20
1092,Future Date: Delivery_Date,PU0001091,S00092,P00092,W012,2026-08-28,241,11444.1,2026-09-17,2026-09-22,0
1093,Future Date: Delivery_Date,PU0001092,S00093,P00093,W013,2026-08-29,242,10420.0,2026-09-18,2026-09-18,0
1094,Future Date: Delivery_Date,PU0001093,S00094,P00094,W014,2026-08-30,243,10635.3,2026-09-19,2026-09-20,0
1095,Future Date: Delivery_Date,PU0001094,S00095,P00095,W015,2026-08-31,244,10852.8,2026-09-20,2026-09-22,0
1307,Invalid Foreign Key: Product_ID,PU0001306,S00107,P00307,W007,2026-03-31,456,1056.0,2026-04-20,2026-04-24,0
1421,Invalid Foreign Key: Product_ID,PU0001420,S00021,P00421,W001,2026-07-23,120,2600.0,2026-08-12,2026-08-16,10
1441,Future Date: Delivery_Date,PU0001440,S00041,P00441,W001,2026-08-12,140,4700.0,2026-09-01,2026-09-21,12
1450,Future Date: Delivery_Date,PU0001449,S00050,P00450,W010,2026-08-21,149,6202.1,2026-09-10,2026-09-30,0
1452,Future Date: Delivery_Date,PU0001451,S00052,P00452,W012,2026-08-23,151,6560.1,2026-09-12,2026-09-17,0
1455,Future Date: Delivery_Date,PU0001454,S00055,P00455,W015,2026-08-26,154,6364.8,2026-09-15,2026-09-17,0
1456,Future Date: Delivery_Date,PU0001455,S00056,P00456,W016,2026-08-27,155,6540.5,2026-09-16,2026-09-19,0
1457,Future Date: Delivery_Date,PU0001456,S00057,P00457,W017,2026-08-28,156,6718.400000000001,2026-09-17,2026-09-21,0
1458,Future Date: Delivery_Date,PU0001457,S00058,P00458,W018,2026-08-29,157,6898.5,2026-09-18,2026-09-23,0
1459,Future Date: Delivery_Date,PU0001458,S00059,P00459,W019,2026-08-30,158,7080.8,2026-09-19,2026-10-09,0
1460,Future Date: Delivery_Date,PU0001459,S00060,P00460,W020,2026-08-31,159,7265.3,2026-09-20,2026-09-21,0
1499,Invalid Foreign Key: Product_ID,PU0001498,S00099,P00499,W019,2025-10-09,198,12188.000000000002,2025-10-29,2025-11-02,0
1577,Invalid Foreign Key: Product_ID,PU0001576,S00177,P00577,W017,2025-12-26,276,9006.4,2026-01-15,2026-01-19,0
1614,Invalid Foreign Key: Product_ID,PU0001613,S00014,P00614,W014,2026-02-01,313,1816.5,2026-02-21,2026-02-26,0
1801,Future Date: Delivery_Date,PU0001800,S00001,P00801,W001,2026-08-07,50,300.0,2026-08-27,2026-09-16,4
1810,Future Date: Delivery_Date,PU0001809,S00010,P00810,W010,2026-08-16,59,1406.1,2026-09-05,2026-09-25,0
1817,Future Date: Delivery_Date,PU0001816,S00017,P00817,W017,2026-08-23,66,2142.4,2026-09-12,2026-09-16,0
1818,Future Date: Delivery_Date,PU0001817,S00018,P00818,W018,2026-08-24,67,2278.5,2026-09-13,2026-09-18,0
1819,Future Date: Delivery_Date,PU0001818,S00019,P00819,W019,2026-08-25,68,2416.8,2026-09-14,2026-10-04,0
1820,Future Date: Delivery_Date,PU0001819,S00020,P00820,W020,2026-08-26,69,2557.3,2026-09-15,2026-09-16,0
1821,Future Date: Delivery_Date,PU0001820,S00021,P00821,W001,2026-08-27,70,2700.0,2026-09-16,2026-09-18,6
1822,Future Date: Delivery_Date,PU0001821,S00022,P00822,W002,2026-08-28,71,2844.9,2026-09-17,2026-09-20,0
1823,Future Date: Delivery_Date,PU0001822,S00023,P00823,W003,2026-08-29,72,2992.0000000000005,2026-09-18,2026-09-22,0
1824,Future Date: Delivery_Date,PU0001823,S00024,P00824,W004,2026-08-30,73,3141.3,2026-09-19,2026-09-24,0
1825,Future Date: Delivery_Date,PU0001824,S00025,P00825,W005,2026-08-31,74,2940.0,2026-09-20,2026-09-20,0
1842,Invalid Foreign Key: Product_ID,PU0001841,S00042,P00842,W002,2025-09-17,91,5050.5,2025-10-07,2025-10-12,0
1921,Invalid Foreign Key: Product_ID,PU0001920,S00121,P00921,W001,2025-12-05,170,2500.0,2025-12-25,2025-12-25,14
1998,Invalid Foreign Key: Product_ID,PU0001997,S00198,P00998,W018,2026-02-20,247,11518.5,2026-03-12,2026-03-17,0
2170,Future Date: Delivery_Date,PU0002169,S00170,P00170,W010,2026-08-11,419,8600.1,2026-08-31,2026-09-20,0
2179,Future Date: Delivery_Date,PU0002178,S00179,P00179,W019,2026-08-20,428,9412.8,2026-09-09,2026-09-29,0
2183,Future Date: Delivery_Date,PU0002182,S00183,P00183,W003,2026-08-24,432,10252.0,2026-09-13,2026-09-17,0
2184,Future Date: Delivery_Date,PU0002183,S00184,P00184,W004,2026-08-25,433,10467.3,2026-09-14,2026-09-19,0
2186,Future Date: Delivery_Date,PU0002185,S00186,P00186,W006,2026-08-27,435,9746.5,2026-09-16,2026-09-17,0
2187,Future Date: Delivery_Date,PU0002186,S00187,P00187,W007,2026-08-28,436,9955.2,2026-09-17,2026-09-19,0
2188,Future Date: Delivery_Date,PU0002187,S00188,P00188,W008,2026-08-29,437,10166.1,2026-09-18,2026-10-08,0
2189,Future Date: Delivery_Date,PU0002188,S00189,P00189,W009,2026-08-30,438,10379.2,2026-09-19,2026-09-23,0
2190,Future Date: Delivery_Date,PU0002189,S00190,P00190,W010,2026-08-31,439,10594.5,2026-09-20,2026-09-25,0
2307,Invalid Foreign Key: Product_ID,PU0002306,S00107,P00307,W007,2025-12-26,106,979.2,2026-01-15,2026-01-17,0
2421,Invalid Foreign Key: Product_ID,PU0002420,S00021,P00421,W001,2026-04-19,220,2700.0,2026-05-09,2026-05-11,18
2499,Invalid Foreign Key: Product_ID,PU0002498,S00099,P00499,W019,2026-07-06,298,11301.6,2026-07-26,2026-07-28,0
2539,Future Date: Delivery_Date,PU0002538,S00139,P00539,W019,2026-08-15,338,4748.8,2026-09-04,2026-09-24,0
2548,Future Date: Delivery_Date,PU0002547,S00148,P00548,W008,2026-08-24,347,5634.1,2026-09-13,2026-10-03,0
2549,Future Date: Delivery_Date,PU0002548,S00149,P00549,W009,2026-08-25,348,5803.2,2026-09-14,2026-09-18,0
2550,Future Date: Delivery_Date,PU0002549,S00150,P00550,W010,2026-08-26,349,5974.5,2026-09-15,2026-09-20,0
2551,Future Date: Delivery_Date,PU0002550,S00151,P00551,W011,2026-08-27,350,6148.0,2026-09-16,2026-09-16,28
2552,Future Date: Delivery_Date,PU0002551,S00152,P00552,W012,2026-08-28,351,6323.700000000001,2026-09-17,2026-09-18,0
2553,Future Date: Delivery_Date,PU0002552,S00153,P00553,W013,2026-08-29,352,6501.6,2026-09-18,2026-09-20,0
2554,Future Date: Delivery_Date,PU0002553,S00154,P00554,W014,2026-08-30,353,6681.700000000001,2026-09-19,2026-09-22,0
2555,Future Date: Delivery_Date,PU0002554,S00155,P00555,W015,2026-08-31,354,6864.000000000001,2026-09-20,2026-09-24,0
2577,Invalid Foreign Key: Product_ID,PU0002576,S00177,P00577,W017,2025-09-22,376,9352.8,2025-10-12,2025-10-14,0
2614,Invalid Foreign Key: Product_ID,PU0002613,S00014,P00614,W014,2025-10-29,413,1885.7,2025-11-18,2025-11-21,0
2842,Invalid Foreign Key: Product_ID,PU0002841,S00042,P00842,W002,2026-06-14,191,5242.900000000001,2026-07-04,2026-07-07,0
2899,Future Date: Delivery_Date,PU0002898,S00099,P00899,W019,2026-08-10,248,11744.8,2026-08-30,2026-09-19,0
2908,Future Date: Delivery_Date,PU0002907,S00108,P00908,W008,2026-08-19,257,1102.1,2026-09-08,2026-09-28,0
2914,Future Date: Delivery_Date,PU0002913,S00114,P00914,W014,2026-08-25,263,1885.7,2026-09-14,2026-09-17,0
2915,Future Date: Delivery_Date,PU0002914,S00115,P00915,W015,2026-08-26,264,2024.0,2026-09-15,2026-09-19,0
2916,Future Date: Delivery_Date,PU0002915,S00116,P00916,W016,2026-08-27,265,2164.5,2026-09-16,2026-09-21,0
2917,Future Date: Delivery_Date,PU0002916,S00117,P00917,W017,2026-08-28,266,2060.0,2026-09-17,2026-10-07,0
2918,Future Date: Delivery_Date,PU0002917,S00118,P00918,W018,2026-08-29,267,2191.7,2026-09-18,2026-09-19,0
2919,Future Date: Delivery_Date,PU0002918,S00119,P00919,W019,2026-08-30,268,2325.6,2026-09-19,2026-09-21,0
2920,Future Date: Delivery_Date,PU0002919,S00120,P00920,W020,2026-08-31,269,2461.7000000000003,2026-09-20,2026-09-23,0
2921,Invalid Foreign Key: Product_ID,PU0002920,S00121,P00921,W001,2025-09-01,270,2600.0,2025-09-21,2025-09-25,22
2998,Invalid Foreign Key: Product_ID,PU0002997,S00198,P00998,W018,2025-11-17,347,11957.3,2025-12-07,2025-12-27,0
3268,Future Date: Delivery_Date,PU0003267,S00068,P00268,W008,2026-08-14,167,7900.1,2026-09-03,2026-09-23,0
3276,Future Date: Delivery_Date,PU0003275,S00076,P00276,W016,2026-08-22,175,9490.5,2026-09-11,2026-09-16,0
3277,Future Date: Delivery_Date,PU0003276,S00077,P00277,W017,2026-08-23,176,8660.0,2026-09-12,2026-10-02,0
3279,Future Date: Delivery_Date,PU0003278,S00079,P00279,W019,2026-08-25,178,9057.6,2026-09-14,2026-09-16,0
3280,Future Date: Delivery_Date,PU0003279,S00080,P00280,W020,2026-08-26,179,9259.7,2026-09-15,2026-09-18,0
3281,Future Date: Delivery_Date,PU0003280,S00081,P00281,W001,2026-08-27,180,9464.0,2026-09-16,2026-09-20,15
3282,Future Date: Delivery_Date,PU0003281,S00082,P00282,W002,2026-08-28,181,9670.5,2026-09-17,2026-09-22,0
3283,Future Date: Delivery_Date,PU0003282,S00083,P00283,W003,2026-08-29,182,9879.2,2026-09-18,2026-09-18,0
3284,Future Date: Delivery_Date,PU0003283,S00084,P00284,W004,2026-08-30,183,10090.1,2026-09-19,2026-09-20,0
3285,Future Date: Delivery_Date,PU0003284,S00085,P00285,W005,2026-08-31,184,10303.2,2026-09-20,2026-09-22,0
3307,Invalid Foreign Key: Product_ID,PU0003306,S00107,P00307,W007,2025-09-22,206,1017.6,2025-10-12,2025-10-12,0
3421,Invalid Foreign Key: Product_ID,PU0003420,S00021,P00421,W001,2026-01-14,320,2500.0,2026-02-03,2026-02-23,26
3499,Invalid Foreign Key: Product_ID,PU0003498,S00099,P00499,W019,2026-04-02,398,11744.8,2026-04-22,2026-04-22,0
3577,Invalid Foreign Key: Product_ID,PU0003576,S00177,P00577,W017,2026-06-19,476,8660.0,2026-07-09,2026-07-09,0
3614,Invalid Foreign Key: Product_ID,PU0003613,S00014,P00614,W014,2026-07-26,63,1747.3,2026-08-15,2026-08-16,0
3628,Future Date: Delivery_Date,PU0003627,S00028,P00628,W008,2026-08-09,77,3368.1,2026-08-29,2026-09-18,0
3637,Future Date: Delivery_Date,PU0003636,S00037,P00637,W017,2026-08-18,86,4260.0,2026-09-07,2026-09-27,0
3642,Future Date: Delivery_Date,PU0003641,S00042,P00642,W002,2026-08-23,91,5050.5,2026-09-12,2026-09-17,0
3645,Future Date: Delivery_Date,PU0003644,S00045,P00645,W005,2026-08-26,94,5551.200000000001,2026-09-15,2026-09-17,0
3646,Future Date: Delivery_Date,PU0003645,S00046,P00646,W006,2026-08-27,95,5722.5,2026-09-16,2026-10-06,0
3647,Future Date: Delivery_Date,PU0003646,S00047,P00647,W007,2026-08-28,96,5896.000000000001,2026-09-17,2026-09-21,0
3648,Future Date: Delivery_Date,PU0003647,S00048,P00648,W008,2026-08-29,97,6071.700000000001,2026-09-18,2026-09-23,0
3649,Future Date: Delivery_Date,PU0003648,S00049,P00649,W009,2026-08-30,98,5580.0,2026-09-19,2026-09-19,0
3650,Future Date: Delivery_Date,PU0003649,S00050,P00650,W010,2026-08-31,99,5746.9,2026-09-20,2026-09-21,0
3842,Invalid Foreign Key: Product_ID,PU0003841,S00042,P00842,W002,2026-03-11,291,4858.1,2026-03-31,2026-04-01,0
3921,Invalid Foreign Key: Product_ID,PU0003920,S00121,P00921,W001,2026-05-29,370,2700.0,2026-06-18,2026-06-20,30
3997,Future Date: Delivery_Date,PU0003996,S00197,P00997,W017,2026-08-13,446,10860.0,2026-09-02,2026-09-22,0
3998,Invalid Foreign Key: Product_ID,PU0003997,S00198,P00998,W018,2026-08-14,447,11079.7,2026-09-03,2026-09-04,0
4002,Invalid Foreign Key: Supplier_ID,PU0004001,S99999,P00002,W002,2026-08-18,451,430.5,2026-09-07,2026-09-12,0
4006,Future Date: Delivery_Date,PU0004005,S00006,P00006,W006,2026-08-22,455,926.5,2026-09-11,2026-10-01,0
4007,Future Date: Delivery_Date,PU0004006,S00007,P00007,W007,2026-08-23,456,1056.0,2026-09-12,2026-09-16,0
4008,Future Date: Delivery_Date,PU0004007,S00008,P00008,W008,2026-08-24,457,1187.7,2026-09-13,2026-09-18,0
4010,Future Date: Delivery_Date,PU0004009,S00010,P00010,W010,2026-08-26,459,1302.9,2026-09-15,2026-09-16,0
4011,Future Date: Delivery_Date,PU0004010,S00011,P00011,W011,2026-08-27,460,1428.0,2026-09-16,2026-09-18,37
4012,Future Date: Delivery_Date,PU0004011,S00012,P00012,W012,2026-08-28,461,1555.3,2026-09-17,2026-09-20,0
4013,Future Date: Delivery_Date,PU0004012,S00013,P00013,W013,2026-08-29,462,1684.8,2026-09-18,2026-09-22,0
4014,Future Date: Delivery_Date,PU0004013,S00014,P00014,W014,2026-08-30,463,1816.5,2026-09-19,2026-09-24,0
4015,Future Date: Delivery_Date,PU0004014,S00015,P00015,W015,2026-08-31,464,1950.4,2026-09-20,2026-10-10,0
4307,Invalid Foreign Key: Product_ID,PU0004306,S00107,P00307,W007,2026-06-19,306,1056.0,2026-07-09,2026-07-13,0
4357,Future Date: Delivery_Date,PU0004356,S00157,P00357,W017,2026-08-08,356,6460.0,2026-08-28,2026-09-17,0
4366,Future Date: Delivery_Date,PU0004365,S00166,P00366,W006,2026-08-17,365,8120.500000000001,2026-09-06,2026-09-26,0
4373,Future Date: Delivery_Date,PU0004372,S00173,P00373,W013,2026-08-24,372,8548.800000000001,2026-09-13,2026-09-17,0
4374,Future Date: Delivery_Date,PU0004373,S00174,P00374,W014,2026-08-25,373,8746.5,2026-09-14,2026-09-19,0
4375,Future Date: Delivery_Date,PU0004374,S00175,P00375,W015,2026-08-26,374,8946.4,2026-09-15,2026-10-05,0
4376,Future Date: Delivery_Date,PU0004375,S00176,P00376,W016,2026-08-27,375,9148.5,2026-09-16,2026-09-17,0
4377,Future Date: Delivery_Date,PU0004376,S00177,P00377,W017,2026-08-28,376,9352.8,2026-09-17,2026-09-19,0
4378,Future Date: Delivery_Date,PU0004377,S00178,P00378,W018,2026-08-29,377,9559.3,2026-09-18,2026-09-21,0
4379,Future Date: Delivery_Date,PU0004378,S00179,P00379,W019,2026-08-30,378,9768.0,2026-09-19,2026-09-23,0
4380,Future Date: Delivery_Date,PU0004379,S00180,P00380,W020,2026-08-31,379,9978.9,2026-09-20,2026-09-25,0
4421,Invalid Foreign Key: Product_ID,PU0004420,S00021,P00421,W001,2025-10-11,420,2600.0,2025-10-31,2025-11-04,34
4499,Invalid Foreign Key: Product_ID,PU0004498,S00099,P00499,W019,2025-12-28,498,12188.000000000002,2026-01-17,2026-01-21,0
4577,Invalid Foreign Key: Product_ID,PU0004576,S00177,P00577,W017,2026-03-16,126,9006.4,2026-04-05,2026-04-09,0
4614,Invalid Foreign Key: Product_ID,PU0004613,S00014,P00614,W014,2026-04-22,163,1816.5,2026-05-12,2026-05-17,0
4726,Future Date: Delivery_Date,PU0004725,S00126,P00726,W006,2026-08-12,275,3324.5000000000005,2026-09-01,2026-09-21,0
4735,Future Date: Delivery_Date,PU0004734,S00135,P00735,W015,2026-08-21,284,4282.400000000001,2026-09-10,2026-09-30,0
4738,Future Date: Delivery_Date,PU0004737,S00138,P00738,W018,2026-08-24,287,4763.3,2026-09-13,2026-09-16,0
4739,Future Date: Delivery_Date,PU0004738,S00139,P00739,W019,2026-08-25,288,4928.0,2026-09-14,2026-09-18,0
4740,Future Date: Delivery_Date,PU0004739,S00140,P00740,W020,2026-08-26,289,5094.900000000001,2026-09-15,2026-09-20,0
4741,Future Date: Delivery_Date,PU0004740,S00141,P00741,W001,2026-08-27,290,4700.0,2026-09-16,2026-09-16,24
4742,Future Date: Delivery_Date,PU0004741,S00142,P00742,W002,2026-08-28,291,4858.1,2026-09-17,2026-09-18,0
4743,Future Date: Delivery_Date,PU0004742,S00143,P00743,W003,2026-08-29,292,5018.4,2026-09-18,2026-09-20,0
4744,Future Date: Delivery_Date,PU0004743,S00144,P00744,W004,2026-08-30,293,5180.900000000001,2026-09-19,2026-10-09,0
4745,Future Date: Delivery_Date,PU0004744,S00145,P00745,W005,2026-08-31,294,5345.6,2026-09-20,2026-09-24,0
4842,Invalid Foreign Key: Product_ID,PU0004841,S00042,P00842,W002,2025-12-06,391,5050.5,2025-12-26,2025-12-31,0
4921,Invalid Foreign Key: Product_ID,PU0004920,S00121,P00921,W001,2026-02-23,470,2500.0,2026-03-15,2026-03-15,38
4998,Invalid Foreign Key: Product_ID,PU0004997,S00198,P00998,W018,2026-05-11,97,11518.5,2026-05-31,2026-06-05,0
5004,Negative Value: Quantity,PU0005003,S00004,P00004,W004,2026-05-17,-10,699.3000000000001,2026-06-06,2026-06-11,0
5086,Future Date: Delivery_Date,PU0005085,S00086,P00086,W006,2026-08-07,185,10518.5,2026-08-27,2026-09-16,0
5095,Future Date: Delivery_Date,PU0005094,S00095,P00095,W015,2026-08-16,194,11278.4,2026-09-05,2026-09-25,0
5104,Future Date: Delivery_Date,PU0005103,S00104,P00104,W004,2026-08-25,203,648.9,2026-09-14,2026-10-04,0
5105,Future Date: Delivery_Date,PU0005104,S00105,P00105,W005,2026-08-26,204,769.6,2026-09-15,2026-09-19,0
5106,Future Date: Delivery_Date,PU0005105,S00106,P00106,W006,2026-08-27,205,892.5,2026-09-16,2026-09-21,0
5107,Future Date: Delivery_Date,PU0005106,S00107,P00107,W007,2026-08-28,206,1017.6,2026-09-17,2026-09-17,0
5108,Future Date: Delivery_Date,PU0005107,S00108,P00108,W008,2026-08-29,207,1144.9,2026-09-18,2026-09-19,0
5109,Future Date: Delivery_Date,PU0005108,S00109,P00109,W009,2026-08-30,208,1274.4,2026-09-19,2026-09-21,0
5110,Future Date: Delivery_Date,PU0005109,S00110,P00110,W010,2026-08-31,209,1406.1,2026-09-20,2026-09-23,0
5307,Invalid Foreign Key: Product_ID,PU0005306,S00107,P00307,W007,2026-03-16,406,979.2,2026-04-05,2026-04-07,0
5421,Invalid Foreign Key: Product_ID,PU0005420,S00021,P00421,W001,2026-07-08,70,2700.0,2026-07-28,2026-07-30,6
5455,Future Date: Delivery_Date,PU0005454,S00055,P00455,W015,2026-08-11,104,6614.400000000001,2026-08-31,2026-09-20,0
5464,Future Date: Delivery_Date,PU0005463,S00064,P00464,W004,2026-08-20,113,7446.900000000001,2026-09-09,2026-09-29,0
5466,Future Date: Delivery_Date,PU0005465,S00066,P00466,W006,2026-08-22,115,7822.5,2026-09-11,2026-09-16,0
5469,Future Date: Delivery_Date,PU0005468,S00069,P00469,W009,2026-08-25,118,8402.400000000001,2026-09-14,2026-09-16,0
5470,Future Date: Delivery_Date,PU0005469,S00070,P00470,W010,2026-08-26,119,8600.1,2026-09-15,2026-09-18,0
5471,Future Date: Delivery_Date,PU0005470,S00071,P00471,W011,2026-08-27,120,8800.0,2026-09-16,2026-09-20,10
5472,Future Date: Delivery_Date,PU0005471,S00072,P00472,W012,2026-08-28,121,9002.1,2026-09-17,2026-09-22,0
5473,Future Date: Delivery_Date,PU0005472,S00073,P00473,W013,2026-08-29,122,8220.0,2026-09-18,2026-10-08,0
5474,Future Date: Delivery_Date,PU0005473,S00074,P00474,W014,2026-08-30,123,8413.3,2026-09-19,2026-09-20,0
5475,Future Date: Delivery_Date,PU0005474,S00075,P00475,W015,2026-08-31,124,8608.8,2026-09-20,2026-09-22,0
5499,Invalid Foreign Key: Product_ID,PU0005498,S00099,P00499,W019,2025-09-24,148,11301.6,2025-10-14,2025-10-16,0
5577,Invalid Foreign Key: Product_ID,PU0005576,S00177,P00577,W017,2025-12-11,226,9352.8,2025-12-31,2026-01-02,0
5614,Invalid Foreign Key: Product_ID,PU0005613,S00014,P00614,W014,2026-01-17,263,1885.7,2026-02-06,2026-02-09,0
5824,Future Date: Delivery_Date,PU0005823,S00024,P00824,W004,2026-08-15,473,2914.9,2026-09-04,2026-09-24,0
5832,Future Date: Delivery_Date,PU0005831,S00032,P00832,W012,2026-08-23,481,4118.1,2026-09-12,2026-09-17,0
5833,Future Date: Delivery_Date,PU0005832,S00033,P00833,W013,2026-08-24,482,3820.0,2026-09-13,2026-10-03,0
5835,Future Date: Delivery_Date,PU0005834,S00035,P00835,W015,2026-08-26,484,4120.8,2026-09-15,2026-09-17,0
5836,Future Date: Delivery_Date,PU0005835,S00036,P00836,W016,2026-08-27,485,4274.5,2026-09-16,2026-09-19,0
5837,Future Date: Delivery_Date,PU0005836,S00037,P00837,W017,2026-08-28,486,4430.400000000001,2026-09-17,2026-09-21,0
5838,Future Date: Delivery_Date,PU0005837,S00038,P00838,W018,2026-08-29,487,4588.5,2026-09-18,2026-09-23,0
5839,Future Date: Delivery_Date,PU0005838,S00039,P00839,W019,2026-08-30,488,4748.8,2026-09-19,2026-09-19,0
5840,Future Date: Delivery_Date,PU0005839,S00040,P00840,W020,2026-08-31,489,4911.3,2026-09-20,2026-09-21,0
5842,Invalid Foreign Key: Product_ID,PU0005841,S00042,P00842,W002,2025-09-02,491,5242.900000000001,2025-09-22,2025-10-12,0
5921,Invalid Foreign Key: Product_ID,PU0005920,S00121,P00921,W001,2025-11-20,120,2600.0,2025-12-10,2025-12-14,10
5998,Invalid Foreign Key: Product_ID,PU0005997,S00198,P00998,W018,2026-02-05,197,11957.3,2026-02-25,2026-02-28,0
6184,Future Date: Delivery_Date,PU0006183,S00184,P00184,W004,2026-08-10,383,9712.9,2026-08-30,2026-09-19,0
6193,Future Date: Delivery_Date,PU0006192,S00193,P00193,W013,2026-08-19,392,10420.0,2026-09-08,2026-09-28,0
6197,Future Date: Delivery_Date,PU0006196,S00197,P00197,W017,2026-08-23,396,11294.4,2026-09-12,2026-09-16,0
6198,Future Date: Delivery_Date,PU0006197,S00198,P00198,W018,2026-08-24,397,11518.5,2026-09-13,2026-09-18,0
6200,Future Date: Delivery_Date,PU0006199,S00200,P00200,W020,2026-08-26,399,11973.3,2026-09-15,2026-09-16,0
6201,Future Date: Delivery_Date,PU0006200,S00001,P00201,W001,2026-08-27,400,324.0,2026-09-16,2026-09-18,32
6202,Future Date: Delivery_Date,PU0006201,S00002,P00202,W002,2026-08-28,401,446.9,2026-09-17,2026-10-07,0
6203,Future Date: Delivery_Date,PU0006202,S00003,P00203,W003,2026-08-29,402,572.0,2026-09-18,2026-09-22,0
6204,Future Date: Delivery_Date,PU0006203,S00004,P00204,W004,2026-08-30,403,699.3000000000001,2026-09-19,2026-09-24,0
6205,Future Date: Delivery_Date,PU0006204,S00005,P00205,W005,2026-08-31,404,740.0,2026-09-20,2026-09-20,0
6307,Invalid Foreign Key: Product_ID,PU0006306,S00107,P00307,W007,2025-12-11,56,1017.6,2025-12-31,2025-12-31,0
6421,Invalid Foreign Key: Product_ID,PU0006420,S00021,P00421,W001,2026-04-04,170,2500.0,2026-04-24,2026-04-24,14
6499,Invalid Foreign Key: Product_ID,PU0006498,S00099,P00499,W019,2026-06-21,248,11744.8,2026-07-11,2026-07-31,0
6553,Future Date: Delivery_Date,PU0006552,S00153,P00553,W013,2026-08-14,302,6020.0,2026-09-03,2026-09-23,0
6562,Future Date: Delivery_Date,PU0006561,S00162,P00562,W002,2026-08-23,311,7640.900000000001,2026-09-12,2026-10-02,0
6563,Future Date: Delivery_Date,PU0006562,S00163,P00563,W003,2026-08-24,312,7832.000000000001,2026-09-13,2026-09-17,0
6564,Future Date: Delivery_Date,PU0006563,S00164,P00564,W004,2026-08-25,313,8025.300000000001,2026-09-14,2026-09-19,0
6566,Future Date: Delivery_Date,PU0006565,S00166,P00566,W006,2026-08-27,315,7524.5,2026-09-16,2026-09-17,0
6567,Future Date: Delivery_Date,PU0006566,S00167,P00567,W007,2026-08-28,316,7711.2,2026-09-17,2026-09-19,0
6568,Future Date: Delivery_Date,PU0006567,S00168,P00568,W008,2026-08-29,317,7900.1,2026-09-18,2026-09-21,0
6569,Future Date: Delivery_Date,PU0006568,S00169,P00569,W009,2026-08-30,318,8091.200000000001,2026-09-19,2026-09-23,0
6570,Future Date: Delivery_Date,PU0006569,S00170,P00570,W010,2026-08-31,319,8284.5,2026-09-20,2026-09-25,0
6577,Invalid Foreign Key: Product_ID,PU0006576,S00177,P00577,W017,2025-09-07,326,8660.0,2025-09-27,2025-09-27,0
6614,Invalid Foreign Key: Product_ID,PU0006613,S00014,P00614,W014,2025-10-14,363,1747.3,2025-11-03,2025-11-04,0
6842,Invalid Foreign Key: Product_ID,PU0006841,S00042,P00842,W002,2026-05-30,141,4858.1,2026-06-19,2026-06-20,0
6913,Future Date: Delivery_Date,PU0006912,S00113,P00913,W013,2026-08-09,212,1620.0,2026-08-29,2026-09-18,0
6921,Invalid Foreign Key: Product_ID,PU0006920,S00121,P00921,W001,2026-08-17,220,2700.0,2026-09-06,2026-09-08,18
6922,Future Date: Delivery_Date,PU0006921,S00122,P00922,W002,2026-08-18,221,2844.9,2026-09-07,2026-09-27,0
6928,Future Date: Delivery_Date,PU0006927,S00128,P00928,W008,2026-08-24,227,3368.1,2026-09-13,2026-09-16,0
6929,Future Date: Delivery_Date,PU0006928,S00129,P00929,W009,2026-08-25,228,3515.2000000000003,2026-09-14,2026-09-18,0
6930,Future Date: Delivery_Date,PU0006929,S00130,P00930,W010,2026-08-26,229,3664.5,2026-09-15,2026-09-20,0
6931,Future Date: Delivery_Date,PU0006930,S00131,P00931,W011,2026-08-27,230,3816.0,2026-09-16,2026-10-06,19
6932,Future Date: Delivery_Date,PU0006931,S00132,P00932,W012,2026-08-28,231,3969.7,2026-09-17,2026-09-18,0
6933,Future Date: Delivery_Date,PU0006932,S00133,P00933,W013,2026-08-29,232,4125.6,2026-09-18,2026-09-20,0
6934,Future Date: Delivery_Date,PU0006933,S00134,P00934,W014,2026-08-30,233,4283.700000000001,2026-09-19,2026-09-22,0
6935,Future Date: Delivery_Date,PU0006934,S00135,P00935,W015,2026-08-31,234,4444.0,2026-09-20,2026-09-24,0
6998,Invalid Foreign Key: Product_ID,PU0006997,S00198,P00998,W018,2025-11-02,297,11079.7,2025-11-22,2025-11-23,0
7282,Future Date: Delivery_Date,PU0007281,S00082,P00282,W002,2026-08-13,131,10038.9,2026-09-02,2026-09-22,0
7291,Future Date: Delivery_Date,PU0007290,S00091,P00291,W011,2026-08-22,140,10812.0,2026-09-11,2026-10-01,12
7294,Future Date: Delivery_Date,PU0007293,S00094,P00294,W014,2026-08-25,143,11477.7,2026-09-14,2026-09-17,0
7295,Future Date: Delivery_Date,PU0007294,S00095,P00295,W015,2026-08-26,144,11704.000000000002,2026-09-15,2026-09-19,0
7296,Future Date: Delivery_Date,PU0007295,S00096,P00296,W016,2026-08-27,145,11932.500000000002,2026-09-16,2026-09-21,0
7297,Future Date: Delivery_Date,PU0007296,S00097,P00297,W017,2026-08-28,146,10860.0,2026-09-17,2026-09-17,0
7298,Future Date: Delivery_Date,PU0007297,S00098,P00298,W018,2026-08-29,147,11079.7,2026-09-18,2026-09-19,0
7299,Future Date: Delivery_Date,PU0007298,S00099,P00299,W019,2026-08-30,148,11301.6,2026-09-19,2026-09-21,0
7300,Future Date: Delivery_Date,PU0007299,S00100,P00300,W020,2026-08-31,149,11525.7,2026-09-20,2026-10-10,0
7307,Invalid Foreign Key: Product_ID,PU0007306,S00107,P00307,W007,2025-09-07,156,1056.0,2025-09-27,2025-10-01,0
7421,Invalid Foreign Key: Product_ID,PU0007420,S00021,P00421,W001,2025-12-30,270,2600.0,2026-01-19,2026-01-23,22
7499,Invalid Foreign Key: Product_ID,PU0007498,S00099,P00499,W019,2026-03-18,348,12188.000000000002,2026-04-07,2026-04-11,0
7577,Invalid Foreign Key: Product_ID,PU0007576,S00177,P00577,W017,2026-06-04,426,9006.4,2026-06-24,2026-06-28,0
7614,Invalid Foreign Key: Product_ID,PU0007613,S00014,P00614,W014,2026-07-11,463,1816.5,2026-07-31,2026-08-05,0
7642,Future Date: Delivery_Date,PU0007641,S00042,P00642,W002,2026-08-08,491,5242.900000000001,2026-08-28,2026-09-17,0
7651,Future Date: Delivery_Date,PU0007650,S00051,P00651,W011,2026-08-17,50,6148.0,2026-09-06,2026-09-26,4
7656,Future Date: Delivery_Date,PU0007655,S00056,P00656,W016,2026-08-22,55,7048.500000000001,2026-09-11,2026-09-16,0
7659,Future Date: Delivery_Date,PU0007658,S00059,P00659,W019,2026-08-25,58,6813.6,2026-09-14,2026-09-16,0
7660,Future Date: Delivery_Date,PU0007659,S00060,P00660,W020,2026-08-26,59,6993.7,2026-09-15,2026-10-05,0
7661,Future Date: Delivery_Date,PU0007660,S00061,P00661,W001,2026-08-27,60,7176.0,2026-09-16,2026-09-20,5
7662,Future Date: Delivery_Date,PU0007661,S00062,P00662,W002,2026-08-28,61,7360.5,2026-09-17,2026-09-22,0
7663,Future Date: Delivery_Date,PU0007662,S00063,P00663,W003,2026-08-29,62,7547.200000000001,2026-09-18,2026-09-18,0
7664,Future Date: Delivery_Date,PU0007663,S00064,P00664,W004,2026-08-30,63,7736.1,2026-09-19,2026-09-20,0
7665,Future Date: Delivery_Date,PU0007664,S00065,P00665,W005,2026-08-31,64,7927.200000000001,2026-09-20,2026-09-22,0
7842,Invalid Foreign Key: Product_ID,PU0007841,S00042,P00842,W002,2026-02-24,241,5050.5,2026-03-16,2026-03-21,0
7921,Invalid Foreign Key: Product_ID,PU0007920,S00121,P00921,W001,2026-05-14,320,2500.0,2026-06-03,2026-06-23,26
7998,Invalid Foreign Key: Product_ID,PU0007997,S00198,P00998,W018,2026-07-30,397,11518.5,2026-08-19,2026-08-24,0
8003,Invalid Foreign Key: Supplier_ID,PU0008002,S99999,P00003,W003,2026-08-04,402,572.0,2026-08-24,2026-08-28,0
8011,Future Date: Delivery_Date,PU0008010,S00011,P00011,W011,2026-08-12,410,1484.0,2026-09-01,2026-09-21,33
8020,Future Date: Delivery_Date,PU0008019,S00020,P00020,W020,2026-08-21,419,2461.7000000000003,2026-09-10,2026-09-30,0
8022,Future Date: Delivery_Date,PU0008021,S00022,P00022,W002,2026-08-23,421,2740.5,2026-09-12,2026-09-17,0
8025,Future Date: Delivery_Date,PU0008024,S00025,P00025,W005,2026-08-26,424,3175.2000000000003,2026-09-15,2026-09-17,0
8026,Future Date: Delivery_Date,PU0008025,S00026,P00026,W006,2026-08-27,425,3324.5000000000005,2026-09-16,2026-09-19,0
8027,Future Date: Delivery_Date,PU0008026,S00027,P00027,W007,2026-08-28,426,3476.0000000000005,2026-09-17,2026-09-21,0
8028,Future Date: Delivery_Date,PU0008027,S00028,P00028,W008,2026-08-29,427,3629.7,2026-09-18,2026-09-23,0
8029,Future Date: Delivery_Date,PU0008028,S00029,P00029,W009,2026-08-30,428,3380.0,2026-09-19,2026-10-09,0
8030,Future Date: Delivery_Date,PU0008029,S00030,P00030,W010,2026-08-31,429,3524.9,2026-09-20,2026-09-21,0
8307,Invalid Foreign Key: Product_ID,PU0008306,S00107,P00307,W007,2026-06-04,256,979.2,2026-06-24,2026-06-26,0
8371,Future Date: Delivery_Date,PU0008370,S00171,P00371,W011,2026-08-07,320,8480.0,2026-08-27,2026-09-16,26
8380,Future Date: Delivery_Date,PU0008379,S00180,P00380,W020,2026-08-16,329,9259.7,2026-09-05,2026-09-25,0
8387,Future Date: Delivery_Date,PU0008386,S00187,P00387,W007,2026-08-23,336,10736.0,2026-09-12,2026-09-16,0
8388,Future Date: Delivery_Date,PU0008387,S00188,P00388,W008,2026-08-24,337,10955.7,2026-09-13,2026-09-18,0
8389,Future Date: Delivery_Date,PU0008388,S00189,P00389,W009,2026-08-25,338,9980.0,2026-09-14,2026-10-04,0
8390,Future Date: Delivery_Date,PU0008389,S00190,P00390,W010,2026-08-26,339,10190.9,2026-09-15,2026-09-16,0
8391,Future Date: Delivery_Date,PU0008390,S00191,P00391,W011,2026-08-27,340,10404.0,2026-09-16,2026-09-18,28
8392,Future Date: Delivery_Date,PU0008391,S00192,P00392,W012,2026-08-28,341,10619.3,2026-09-17,2026-09-20,0
8393,Future Date: Delivery_Date,PU0008392,S00193,P00393,W013,2026-08-29,342,10836.8,2026-09-18,2026-09-22,0
8394,Future Date: Delivery_Date,PU0008393,S00194,P00394,W014,2026-08-30,343,11056.5,2026-09-19,2026-09-24,0
8395,Future Date: Delivery_Date,PU0008394,S00195,P00395,W015,2026-08-31,344,11278.4,2026-09-20,2026-09-20,0
8421,Invalid Foreign Key: Product_ID,PU0008420,S00021,P00421,W001,2025-09-26,370,2700.0,2025-10-16,2025-10-18,30
8499,Invalid Foreign Key: Product_ID,PU0008498,S00099,P00499,W019,2025-12-13,448,11301.6,2026-01-02,2026-01-04,0
8577,Invalid Foreign Key: Product_ID,PU0008576,S00177,P00577,W017,2026-03-01,76,9352.8,2026-03-21,2026-03-23,0
8614,Invalid Foreign Key: Product_ID,PU0008613,S00014,P00614,W014,2026-04-07,113,1885.7,2026-04-27,2026-05-17,0
8740,Future Date: Delivery_Date,PU0008739,S00140,P00740,W020,2026-08-11,239,4727.7,2026-08-31,2026-09-20,0
8749,Future Date: Delivery_Date,PU0008748,S00149,P00749,W009,2026-08-20,248,5580.0,2026-09-09,2026-09-29,0
8753,Future Date: Delivery_Date,PU0008752,S00153,P00753,W013,2026-08-24,252,6260.8,2026-09-13,2026-09-17,0
8754,Future Date: Delivery_Date,PU0008753,S00154,P00754,W014,2026-08-25,253,6436.5,2026-09-14,2026-09-19,0
8756,Future Date: Delivery_Date,PU0008755,S00156,P00756,W016,2026-08-27,255,6794.5,2026-09-16,2026-09-17,0
8757,Future Date: Delivery_Date,PU0008756,S00157,P00757,W017,2026-08-28,256,6976.8,2026-09-17,2026-09-19,0
8758,Future Date: Delivery_Date,PU0008757,S00158,P00758,W018,2026-08-29,257,7161.3,2026-09-18,2026-10-08,0
8759,Future Date: Delivery_Date,PU0008758,S00159,P00759,W019,2026-08-30,258,7348.000000000001,2026-09-19,2026-09-23,0
8760,Future Date: Delivery_Date,PU0008759,S00160,P00760,W020,2026-08-31,259,7536.900000000001,2026-09-20,2026-09-25,0
8842,Invalid Foreign Key: Product_ID,PU0008841,S00042,P00842,W002,2025-11-21,341,5242.900000000001,2025-12-11,2025-12-14,0
8921,Invalid Foreign Key: Product_ID,PU0008920,S00121,P00921,W001,2026-02-08,420,2600.0,2026-02-28,2026-03-04,34
8998,Invalid Foreign Key: Product_ID,PU0008997,S00198,P00998,W018,2026-04-26,497,11957.3,2026-05-16,2026-05-19,0
9109,Future Date: Delivery_Date,PU0009108,S00109,P00109,W009,2026-08-15,158,1180.0,2026-09-04,2026-09-24,0
9118,Future Date: Delivery_Date,PU0009117,S00118,P00118,W018,2026-08-24,167,2365.3,2026-09-13,2026-10-03,0
9119,Future Date: Delivery_Date,PU0009118,S00119,P00119,W019,2026-08-25,168,2508.0,2026-09-14,2026-09-18,0
9120,Future Date: Delivery_Date,PU0009119,S00120,P00120,W020,2026-08-26,169,2652.9,2026-09-15,2026-09-20,0
9121,Future Date: Delivery_Date,PU0009120,S00121,P00121,W001,2026-08-27,170,2500.0,2026-09-16,2026-09-16,14
9122,Future Date: Delivery_Date,PU0009121,S00122,P00122,W002,2026-08-28,171,2636.1,2026-09-17,2026-09-18,0
9123,Future Date: Delivery_Date,PU0009122,S00123,P00123,W003,2026-08-29,172,2774.4,2026-09-18,2026-09-20,0
9124,Future Date: Delivery_Date,PU0009123,S00124,P00124,W004,2026-08-30,173,2914.9,2026-09-19,2026-09-22,0
9125,Future Date: Delivery_Date,PU0009124,S00125,P00125,W005,2026-08-31,174,3057.6,2026-09-20,2026-09-24,0
9307,Invalid Foreign Key: Product_ID,PU0009306,S00107,P00307,W007,2026-03-01,356,1017.6,2026-03-21,2026-04-10,0
9421,Invalid Foreign Key: Product_ID,PU0009420,S00021,P00421,W001,2026-06-23,470,2500.0,2026-07-13,2026-07-13,38
9469,Future Date: Delivery_Date,PU0009468,S00069,P00469,W009,2026-08-10,68,7780.0,2026-08-30,2026-09-19,0
9478,Future Date: Delivery_Date,PU0009477,S00078,P00478,W018,2026-08-19,77,9559.3,2026-09-08,2026-09-28,0
9484,Future Date: Delivery_Date,PU0009483,S00084,P00484,W004,2026-08-25,83,9712.9,2026-09-14,2026-09-17,0
9485,Future Date: Delivery_Date,PU0009484,S00085,P00485,W005,2026-08-26,84,9921.6,2026-09-15,2026-09-19,0
9486,Future Date: Delivery_Date,PU0009485,S00086,P00486,W006,2026-08-27,85,10132.5,2026-09-16,2026-09-21,0
9487,Future Date: Delivery_Date,PU0009486,S00087,P00487,W007,2026-08-28,86,10345.6,2026-09-17,2026-10-07,0
9488,Future Date: Delivery_Date,PU0009487,S00088,P00488,W008,2026-08-29,87,10560.9,2026-09-18,2026-09-19,0
9489,Future Date: Delivery_Date,PU0009488,S00089,P00489,W009,2026-08-30,88,10778.4,2026-09-19,2026-09-21,0
9490,Future Date: Delivery_Date,PU0009489,S00090,P00490,W010,2026-08-31,89,10998.1,2026-09-20,2026-09-23,0
9499,Invalid Foreign Key: Product_ID,PU0009498,S00099,P00499,W019,2025-09-09,98,11744.8,2025-09-29,2025-09-29,0
9577,Invalid Foreign Key: Product_ID,PU0009576,S00177,P00577,W017,2025-11-26,176,8660.0,2025-12-16,2026-01-05,0
9614,Invalid Foreign Key: Product_ID,PU0009613,S00014,P00614,W014,2026-01-02,213,1747.3,2026-01-22,2026-01-23,0
9838,Future Date: Delivery_Date,PU0009837,S00038,P00838,W018,2026-08-14,437,4763.3,2026-09-03,2026-09-23,0
9842,Invalid Foreign Key: Product_ID,PU0009841,S00042,P00842,W002,2026-08-18,441,4858.1,2026-09-07,2026-09-08,0
9846,Future Date: Delivery_Date,PU0009845,S00046,P00846,W006,2026-08-22,445,5512.5,2026-09-11,2026-09-16,0
9847,Future Date: Delivery_Date,PU0009846,S00047,P00847,W007,2026-08-23,446,5681.6,2026-09-12,2026-10-02,0
9849,Future Date: Delivery_Date,PU0009848,S00049,P00849,W009,2026-08-25,448,6026.400000000001,2026-09-14,2026-09-16,0
9850,Future Date: Delivery_Date,PU0009849,S00050,P00850,W010,2026-08-26,449,6202.1,2026-09-15,2026-09-18,0
9851,Future Date: Delivery_Date,PU0009850,S00051,P00851,W011,2026-08-27,450,6380.000000000001,2026-09-16,2026-09-20,36
9852,Future Date: Delivery_Date,PU0009851,S00052,P00852,W012,2026-08-28,451,6560.1,2026-09-17,2026-09-22,0
9853,Future Date: Delivery_Date,PU0009852,S00053,P00853,W013,2026-08-29,452,6020.0,2026-09-18,2026-09-18,0
9854,Future Date: Delivery_Date,PU0009853,S00054,P00854,W014,2026-08-30,453,6191.3,2026-09-19,2026-09-20,0
9855,Future Date: Delivery_Date,PU0009854,S00055,P00855,W015,2026-08-31,454,6364.8,2026-09-20,2026-09-22,0
9921,Invalid Foreign Key: Product_ID,PU0009920,S00121,P00921,W001,2025-11-05,70,2700.0,2025-11-25,2025-11-27,6
9998,Invalid Foreign Key: Product_ID,PU0009997,S00198,P00998,W018,2026-01-21,147,11079.7,2026-02-10,2026-02-11,0
10007,Negative Value: Quantity,PU0010006,S00007,P00007,W007,2026-01-30,-10,1056.0,2026-02-19,2026-02-23,0
10198,Future Date: Delivery_Date,PU0010197,S00198,P00198,W018,2026-08-09,347,11957.3,2026-08-29,2026-09-18,0
10207,Future Date: Delivery_Date,PU0010206,S00007,P00207,W007,2026-08-18,356,1017.6,2026-09-07,2026-09-27,0
10212,Future Date: Delivery_Date,PU0010211,S00012,P00212,W012,2026-08-23,361,1676.1,2026-09-12,2026-09-17,0
10215,Future Date: Delivery_Date,PU0010214,S00015,P00215,W015,2026-08-26,364,1876.8,2026-09-15,2026-09-17,0
10216,Future Date: Delivery_Date,PU0010215,S00016,P00216,W016,2026-08-27,365,2008.5,2026-09-16,2026-10-06,0
10217,Future Date: Delivery_Date,PU0010216,S00017,P00217,W017,2026-08-28,366,2142.4,2026-09-17,2026-09-21,0
10218,Future Date: Delivery_Date,PU0010217,S00018,P00218,W018,2026-08-29,367,2278.5,2026-09-18,2026-09-23,0
10219,Future Date: Delivery_Date,PU0010218,S00019,P00219,W019,2026-08-30,368,2416.8,2026-09-19,2026-09-19,0
10220,Future Date: Delivery_Date,PU0010219,S00020,P00220,W020,2026-08-31,369,2557.3,2026-09-20,2026-09-21,0
10307,Invalid Foreign Key: Product_ID,PU0010306,S00107,P00307,W007,2025-11-26,456,1056.0,2025-12-16,2025-12-20,0
10421,Invalid Foreign Key: Product_ID,PU0010420,S00021,P00421,W001,2026-03-20,120,2600.0,2026-04-09,2026-04-13,10
10499,Invalid Foreign Key: Product_ID,PU0010498,S00099,P00499,W019,2026-06-06,198,12188.000000000002,2026-06-26,2026-06-30,0
10567,Future Date: Delivery_Date,PU0010566,S00167,P00567,W007,2026-08-13,266,8013.6,2026-09-02,2026-09-22,0
10576,Future Date: Delivery_Date,PU0010575,S00176,P00576,W016,2026-08-22,275,8806.5,2026-09-11,2026-10-01,0
10577,Future Date: Delivery_Date; Invalid Foreign Key: Product_ID,PU0010576,S00177,P00577,W017,2026-08-23,276,9006.4,2026-09-12,2026-09-16,0
10578,Future Date: Delivery_Date,PU0010577,S00178,P00578,W018,2026-08-24,277,9208.5,2026-09-13,2026-09-18,0
10580,Future Date: Delivery_Date,PU0010579,S00180,P00580,W020,2026-08-26,279,9619.3,2026-09-15,2026-09-16,0
10581,Future Date: Delivery_Date,PU0010580,S00181,P00581,W001,2026-08-27,280,9828.0,2026-09-16,2026-09-18,23
10582,Future Date: Delivery_Date,PU0010581,S00182,P00582,W002,2026-08-28,281,10038.9,2026-09-17,2026-09-20,0
10583,Future Date: Delivery_Date,PU0010582,S00183,P00583,W003,2026-08-29,282,10252.0,2026-09-18,2026-09-22,0
10584,Future Date: Delivery_Date,PU0010583,S00184,P00584,W004,2026-08-30,283,10467.3,2026-09-19,2026-09-24,0
10585,Future Date: Delivery_Date,PU0010584,S00185,P00585,W005,2026-08-31,284,9540.0,2026-09-20,2026-10-10,0
10614,Invalid Foreign Key: Product_ID,PU0010613,S00014,P00614,W014,2025-09-29,313,1816.5,2025-10-19,2025-10-24,0
10842,Invalid Foreign Key: Product_ID,PU0010841,S00042,P00842,W002,2026-05-15,91,5050.5,2026-06-04,2026-06-09,0
10921,Invalid Foreign Key: Product_ID,PU0010920,S00121,P00921,W001,2026-08-02,170,2500.0,2026-08-22,2026-08-22,14
10927,Future Date: Delivery_Date,PU0010926,S00127,P00927,W007,2026-08-08,176,3349.6000000000004,2026-08-28,2026-09-17,0
10936,Future Date: Delivery_Date,PU0010935,S00136,P00936,W016,2026-08-17,185,4274.5,2026-09-06,2026-09-26,0
10943,Future Date: Delivery_Date,PU0010942,S00143,P00943,W003,2026-08-24,192,5412.0,2026-09-13,2026-09-17,0
10944,Future Date: Delivery_Date,PU0010943,S00144,P00944,W004,2026-08-25,193,5583.3,2026-09-14,2026-09-19,0
10945,Future Date: Delivery_Date,PU0010944,S00145,P00945,W005,2026-08-26,194,5140.0,2026-09-15,2026-10-05,0
10946,Future Date: Delivery_Date,PU0010945,S00146,P00946,W006,2026-08-27,195,5302.5,2026-09-16,2026-09-17,0
10947,Future Date: Delivery_Date,PU0010946,S00147,P00947,W007,2026-08-28,196,5467.2,2026-09-17,2026-09-19,0
10948,Future Date: Delivery_Date,PU0010947,S00148,P00948,W008,2026-08-29,197,5634.1,2026-09-18,2026-09-21,0
10949,Future Date: Delivery_Date,PU0010948,S00149,P00949,W009,2026-08-30,198,5803.2,2026-09-19,2026-09-23,0
10950,Future Date: Delivery_Date,PU0010949,S00150,P00950,W010,2026-08-31,199,5974.5,2026-09-20,2026-09-25,0
10998,Invalid Foreign Key: Product_ID,PU0010997,S00198,P00998,W018,2025-10-18,247,11518.5,2025-11-07,2025-11-12,0
11296,Future Date: Delivery_Date,PU0011295,S00096,P00296,W016,2026-08-12,95,11072.5,2026-09-01,2026-09-21,0
11305,Future Date: Delivery_Date,PU0011304,S00105,P00305,W005,2026-08-21,104,740.0,2026-09-10,2026-09-30,0
11307,Invalid Foreign Key: Product_ID,PU0011306,S00107,P00307,W007,2026-08-23,106,979.2,2026-09-12,2026-09-14,0
11308,Future Date: Delivery_Date,PU0011307,S00108,P00308,W008,2026-08-24,107,1102.1,2026-09-13,2026-09-16,0
11309,Future Date: Delivery_Date,PU0011308,S00109,P00309,W009,2026-08-25,108,1227.2,2026-09-14,2026-09-18,0
11310,Future Date: Delivery_Date,PU0011309,S00110,P00310,W010,2026-08-26,109,1354.5,2026-09-15,2026-09-20,0
11311,Future Date: Delivery_Date,PU0011310,S00111,P00311,W011,2026-08-27,110,1484.0,2026-09-16,2026-09-16,9
11312,Future Date: Delivery_Date,PU0011311,S00112,P00312,W012,2026-08-28,111,1615.7,2026-09-17,2026-09-18,0
11313,Future Date: Delivery_Date,PU0011312,S00113,P00313,W013,2026-08-29,112,1749.6,2026-09-18,2026-09-20,0
11314,Future Date: Delivery_Date,PU0011313,S00114,P00314,W014,2026-08-30,113,1885.7,2026-09-19,2026-10-09,0
11315,Future Date: Delivery_Date,PU0011314,S00115,P00315,W015,2026-08-31,114,2024.0,2026-09-20,2026-09-24,0
11421,Invalid Foreign Key: Product_ID,PU0011420,S00021,P00421,W001,2025-12-15,220,2700.0,2026-01-04,2026-01-06,18
11499,Invalid Foreign Key: Product_ID,PU0011498,S00099,P00499,W019,2026-03-03,298,11301.6,2026-03-23,2026-03-25,0
11577,Invalid Foreign Key: Product_ID,PU0011576,S00177,P00577,W017,2026-05-20,376,9352.8,2026-06-09,2026-06-11,0
11614,Invalid Foreign Key: Product_ID,PU0011613,S00014,P00614,W014,2026-06-26,413,1885.7,2026-07-16,2026-07-19,0
11656,Future Date: Delivery_Date,PU0011655,S00056,P00656,W016,2026-08-07,455,6540.5,2026-08-27,2026-09-16,0
11665,Future Date: Delivery_Date,PU0011664,S00065,P00665,W005,2026-08-16,464,7340.0,2026-09-05,2026-09-25,0
11674,Future Date: Delivery_Date,PU0011673,S00074,P00674,W014,2026-08-25,473,9079.7,2026-09-14,2026-10-04,0
11675,Future Date: Delivery_Date,PU0011674,S00075,P00675,W015,2026-08-26,474,9284.0,2026-09-15,2026-09-19,0
11676,Future Date: Delivery_Date,PU0011675,S00076,P00676,W016,2026-08-27,475,9490.5,2026-09-16,2026-09-21,0
11677,Future Date: Delivery_Date,PU0011676,S00077,P00677,W017,2026-08-28,476,8660.0,2026-09-17,2026-09-17,0
11678,Future Date: Delivery_Date,PU0011677,S00078,P00678,W018,2026-08-29,477,8857.7,2026-09-18,2026-09-19,0
11679,Future Date: Delivery_Date,PU0011678,S00079,P00679,W019,2026-08-30,478,9057.6,2026-09-19,2026-09-21,0
11680,Future Date: Delivery_Date,PU0011679,S00080,P00680,W020,2026-08-31,479,9259.7,2026-09-20,2026-09-23,0
11842,Invalid Foreign Key: Product_ID,PU0011841,S00042,P00842,W002,2026-02-09,191,5242.900000000001,2026-03-01,2026-03-04,0
11921,Invalid Foreign Key: Product_ID,PU0011920,S00121,P00921,W001,2026-04-29,270,2600.0,2026-05-19,2026-05-23,22
11998,Invalid Foreign Key: Product_ID,PU0011997,S00198,P00998,W018,2026-07-15,347,11957.3,2026-08-04,2026-08-24,0
12004,Invalid Foreign Key: Supplier_ID,PU0012003,S99999,P00004,W004,2026-07-21,353,648.9,2026-08-10,2026-08-13,0
12025,Future Date: Delivery_Date,PU0012024,S00025,P00025,W005,2026-08-11,374,2940.0,2026-08-31,2026-09-20,0
12034,Future Date: Delivery_Date,PU0012033,S00034,P00034,W014,2026-08-20,383,4283.700000000001,2026-09-09,2026-09-29,0
12036,Future Date: Delivery_Date,PU0012035,S00036,P00036,W016,2026-08-22,385,4606.5,2026-09-11,2026-09-16,0
12039,Future Date: Delivery_Date,PU0012038,S00039,P00039,W019,2026-08-25,388,4569.6,2026-09-14,2026-09-16,0
12040,Future Date: Delivery_Date,PU0012039,S00040,P00040,W020,2026-08-26,389,4727.7,2026-09-15,2026-09-18,0
12041,Future Date: Delivery_Date,PU0012040,S00041,P00041,W001,2026-08-27,390,4888.0,2026-09-16,2026-09-20,32
12042,Future Date: Delivery_Date,PU0012041,S00042,P00042,W002,2026-08-28,391,5050.5,2026-09-17,2026-09-22,0
12043,Future Date: Delivery_Date,PU0012042,S00043,P00043,W003,2026-08-29,392,5215.2,2026-09-18,2026-10-08,0
12044,Future Date: Delivery_Date,PU0012043,S00044,P00044,W004,2026-08-30,393,5382.1,2026-09-19,2026-09-20,0
12045,Future Date: Delivery_Date,PU0012044,S00045,P00045,W005,2026-08-31,394,5551.200000000001,2026-09-20,2026-09-22,0
12307,Invalid Foreign Key: Product_ID,PU0012306,S00107,P00307,W007,2026-05-20,206,1017.6,2026-06-09,2026-06-09,0
12394,Future Date: Delivery_Date,PU0012393,S00194,P00394,W014,2026-08-15,293,11477.7,2026-09-04,2026-09-24,0
12402,Future Date: Delivery_Date,PU0012401,S00002,P00402,W002,2026-08-23,301,430.5,2026-09-12,2026-09-17,0
12403,Future Date: Delivery_Date,PU0012402,S00003,P00403,W003,2026-08-24,302,551.2,2026-09-13,2026-10-03,0
12405,Future Date: Delivery_Date,PU0012404,S00005,P00405,W005,2026-08-26,304,799.2,2026-09-15,2026-09-17,0
12406,Future Date: Delivery_Date,PU0012405,S00006,P00406,W006,2026-08-27,305,926.5,2026-09-16,2026-09-19,0
12407,Future Date: Delivery_Date,PU0012406,S00007,P00407,W007,2026-08-28,306,1056.0,2026-09-17,2026-09-21,0
12408,Future Date: Delivery_Date,PU0012407,S00008,P00408,W008,2026-08-29,307,1187.7,2026-09-18,2026-09-23,0
12409,Future Date: Delivery_Date,PU0012408,S00009,P00409,W009,2026-08-30,308,1180.0,2026-09-19,2026-09-19,0
12410,Future Date: Delivery_Date,PU0012409,S00010,P00410,W010,2026-08-31,309,1302.9,2026-09-20,2026-09-21,0
12421,Invalid Foreign Key: Product_ID,PU0012420,S00021,P00421,W001,2025-09-11,320,2500.0,2025-10-01,2025-10-21,26
12499,Invalid Foreign Key: Product_ID,PU0012498,S00099,P00499,W019,2025-11-28,398,11744.8,2025-12-18,2025-12-18,0
12577,Invalid Foreign Key: Product_ID,PU0012576,S00177,P00577,W017,2026-02-14,476,8660.0,2026-03-06,2026-03-06,0
12614,Invalid Foreign Key: Product_ID,PU0012613,S00014,P00614,W014,2026-03-23,63,1747.3,2026-04-12,2026-04-13,0
12754,Future Date: Delivery_Date,PU0012753,S00154,P00754,W014,2026-08-10,203,6681.700000000001,2026-08-30,2026-09-19,0
12763,Future Date: Delivery_Date,PU0012762,S00163,P00763,W003,2026-08-19,212,7547.200000000001,2026-09-08,2026-09-28,0
12767,Future Date: Delivery_Date,PU0012766,S00167,P00767,W007,2026-08-23,216,8316.0,2026-09-12,2026-09-16,0
12768,Future Date: Delivery_Date,PU0012767,S00168,P00768,W008,2026-08-24,217,8513.7,2026-09-13,2026-09-18,0
12770,Future Date: Delivery_Date,PU0012769,S00170,P00770,W010,2026-08-26,219,7968.9,2026-09-15,2026-09-16,0
12771,Future Date: Delivery_Date,PU0012770,S00171,P00771,W011,2026-08-27,220,8160.0,2026-09-16,2026-09-18,18
12772,Future Date: Delivery_Date,PU0012771,S00172,P00772,W012,2026-08-28,221,8353.300000000001,2026-09-17,2026-10-07,0
12773,Future Date: Delivery_Date,PU0012772,S00173,P00773,W013,2026-08-29,222,8548.800000000001,2026-09-18,2026-09-22,0
12774,Future Date: Delivery_Date,PU0012773,S00174,P00774,W014,2026-08-30,223,8746.5,2026-09-19,2026-09-24,0
12775,Future Date: Delivery_Date,PU0012774,S00175,P00775,W015,2026-08-31,224,8946.4,2026-09-20,2026-09-20,0
12842,Invalid Foreign Key: Product_ID,PU0012841,S00042,P00842,W002,2025-11-06,291,4858.1,2025-11-26,2025-11-27,0
12921,Invalid Foreign Key: Product_ID,PU0012920,S00121,P00921,W001,2026-01-24,370,2700.0,2026-02-13,2026-02-15,30
12998,Invalid Foreign Key: Product_ID,PU0012997,S00198,P00998,W018,2026-04-11,447,11079.7,2026-05-01,2026-05-02,0
13123,Future Date: Delivery_Date,PU0013122,S00123,P00123,W003,2026-08-14,122,2883.2000000000003,2026-09-03,2026-09-23,0
13132,Future Date: Delivery_Date,PU0013131,S00132,P00132,W012,2026-08-23,131,3821.3,2026-09-12,2026-10-02,0
13133,Future Date: Delivery_Date,PU0013132,S00133,P00133,W013,2026-08-24,132,3972.8,2026-09-13,2026-09-17,0
13134,Future Date: Delivery_Date,PU0013133,S00134,P00134,W014,2026-08-25,133,4126.5,2026-09-14,2026-09-19,0
13136,Future Date: Delivery_Date,PU0013135,S00136,P00136,W016,2026-08-27,135,4440.5,2026-09-16,2026-09-17,0
13137,Future Date: Delivery_Date,PU0013136,S00137,P00137,W017,2026-08-28,136,4600.8,2026-09-17,2026-09-19,0
13138,Future Date: Delivery_Date,PU0013137,S00138,P00138,W018,2026-08-29,137,4763.3,2026-09-18,2026-09-21,0
13139,Future Date: Delivery_Date,PU0013138,S00139,P00139,W019,2026-08-30,138,4928.0,2026-09-19,2026-09-23,0
13140,Future Date: Delivery_Date,PU0013139,S00140,P00140,W020,2026-08-31,139,5094.900000000001,2026-09-20,2026-09-25,0
13307,Invalid Foreign Key: Product_ID,PU0013306,S00107,P00307,W007,2026-02-14,306,1056.0,2026-03-06,2026-03-10,0
13421,Invalid Foreign Key: Product_ID,PU0013420,S00021,P00421,W001,2026-06-08,420,2600.0,2026-06-28,2026-07-02,34
13483,Future Date: Delivery_Date,PU0013482,S00083,P00483,W003,2026-08-09,482,9879.2,2026-08-29,2026-09-18,0
13492,Future Date: Delivery_Date,PU0013491,S00092,P00492,W012,2026-08-18,491,10619.3,2026-09-07,2026-09-27,0
13498,Future Date: Delivery_Date,PU0013497,S00098,P00498,W018,2026-08-24,497,11957.3,2026-09-13,2026-09-16,0
13499,Future Date: Delivery_Date; Invalid Foreign Key: Product_ID,PU0013498,S00099,P00499,W019,2026-08-25,498,12188.000000000002,2026-09-14,2026-09-18,0
13500,Future Date: Delivery_Date,PU0013499,S00100,P00500,W020,2026-08-26,499,12420.9,2026-09-15,2026-09-20,0
13501,Future Date: Delivery_Date,PU0013500,S00101,P00501,W001,2026-08-27,50,300.0,2026-09-16,2026-10-06,4
13502,Future Date: Delivery_Date,PU0013501,S00102,P00502,W002,2026-08-28,51,414.1,2026-09-17,2026-09-18,0
13503,Future Date: Delivery_Date,PU0013502,S00103,P00503,W003,2026-08-29,52,530.4,2026-09-18,2026-09-20,0
13504,Future Date: Delivery_Date,PU0013503,S00104,P00504,W004,2026-08-30,53,648.9,2026-09-19,2026-09-22,0
13505,Future Date: Delivery_Date,PU0013504,S00105,P00505,W005,2026-08-31,54,769.6,2026-09-20,2026-09-24,0
13577,Invalid Foreign Key: Product_ID,PU0013576,S00177,P00577,W017,2025-11-11,126,9006.4,2025-12-01,2025-12-05,0
13614,Invalid Foreign Key: Product_ID,PU0013613,S00014,P00614,W014,2025-12-18,163,1816.5,2026-01-07,2026-01-12,0
13842,Invalid Foreign Key: Product_ID,PU0013841,S00042,P00842,W002,2026-08-03,391,5050.5,2026-08-23,2026-08-28,0
13852,Future Date: Delivery_Date,PU0013851,S00052,P00852,W012,2026-08-13,401,6087.3,2026-09-02,2026-09-22,0
13861,Future Date: Delivery_Date,PU0013860,S00061,P00861,W001,2026-08-22,410,6900.0,2026-09-11,2026-10-01,33
13864,Future Date: Delivery_Date,PU0013863,S00064,P00864,W004,2026-08-25,413,7446.900000000001,2026-09-14,2026-09-17,0
13865,Future Date: Delivery_Date,PU0013864,S00065,P00865,W005,2026-08-26,414,7633.6,2026-09-15,2026-09-19,0
13866,Future Date: Delivery_Date,PU0013865,S00066,P00866,W006,2026-08-27,415,7822.5,2026-09-16,2026-09-21,0
13867,Future Date: Delivery_Date,PU0013866,S00067,P00867,W007,2026-08-28,416,8013.6,2026-09-17,2026-09-17,0
13868,Future Date: Delivery_Date,PU0013867,S00068,P00868,W008,2026-08-29,417,8206.9,2026-09-18,2026-09-19,0
13869,Future Date: Delivery_Date,PU0013868,S00069,P00869,W009,2026-08-30,418,8402.400000000001,2026-09-19,2026-09-21,0
13870,Future Date: Delivery_Date,PU0013869,S00070,P00870,W010,2026-08-31,419,8600.1,2026-09-20,2026-10-10,0
13921,Invalid Foreign Key: Product_ID,PU0013920,S00121,P00921,W001,2025-10-21,470,2500.0,2025-11-10,2025-11-10,38
13998,Invalid Foreign Key: Product_ID,PU0013997,S00198,P00998,W018,2026-01-06,97,11518.5,2026-01-26,2026-01-31,0
14212,Future Date: Delivery_Date,PU0014211,S00012,P00212,W012,2026-08-08,311,1555.3,2026-08-28,2026-09-17,0
14221,Future Date: Delivery_Date,PU0014220,S00021,P00221,W001,2026-08-17,320,2500.0,2026-09-06,2026-09-26,26
14226,Future Date: Delivery_Date,PU0014225,S00026,P00226,W006,2026-08-22,325,3202.5,2026-09-11,2026-09-16,0
14229,Future Date: Delivery_Date,PU0014228,S00029,P00229,W009,2026-08-25,328,3650.4,2026-09-14,2026-09-16,0
14230,Future Date: Delivery_Date,PU0014229,S00030,P00230,W010,2026-08-26,329,3804.1,2026-09-15,2026-10-05,0
14231,Future Date: Delivery_Date,PU0014230,S00031,P00231,W011,2026-08-27,330,3960.000000000001,2026-09-16,2026-09-20,27
14232,Future Date: Delivery_Date,PU0014231,S00032,P00232,W012,2026-08-28,331,4118.1,2026-09-17,2026-09-22,0
14233,Future Date: Delivery_Date,PU0014232,S00033,P00233,W013,2026-08-29,332,3820.0,2026-09-18,2026-09-18,0
14234,Future Date: Delivery_Date,PU0014233,S00034,P00234,W014,2026-08-30,333,3969.3,2026-09-19,2026-09-20,0
14235,Future Date: Delivery_Date,PU0014234,S00035,P00235,W015,2026-08-31,334,4120.8,2026-09-20,2026-09-22,0
14307,Invalid Foreign Key: Product_ID,PU0014306,S00107,P00307,W007,2025-11-11,406,979.2,2025-12-01,2025-12-03,0
14421,Invalid Foreign Key: Product_ID,PU0014420,S00021,P00421,W001,2026-03-05,70,2700.0,2026-03-25,2026-03-27,6
14499,Invalid Foreign Key: Product_ID,PU0014498,S00099,P00499,W019,2026-05-22,148,11301.6,2026-06-11,2026-06-13,0
14577,Invalid Foreign Key: Product_ID,PU0014576,S00177,P00577,W017,2026-08-08,226,9352.8,2026-08-28,2026-08-30,0
14581,Future Date: Delivery_Date,PU0014580,S00181,P00581,W001,2026-08-12,230,9100.0,2026-09-01,2026-09-21,19
14590,Future Date: Delivery_Date,PU0014589,S00190,P00590,W010,2026-08-21,239,10998.1,2026-09-10,2026-09-30,0
14592,Future Date: Delivery_Date,PU0014591,S00192,P00592,W012,2026-08-23,241,11444.1,2026-09-12,2026-09-17,0
14595,Future Date: Delivery_Date,PU0014594,S00195,P00595,W015,2026-08-26,244,10852.8,2026-09-15,2026-09-17,0
14596,Future Date: Delivery_Date,PU0014595,S00196,P00596,W016,2026-08-27,245,11072.5,2026-09-16,2026-09-19,0
14597,Future Date: Delivery_Date,PU0014596,S00197,P00597,W017,2026-08-28,246,11294.4,2026-09-17,2026-09-21,0
14598,Future Date: Delivery_Date,PU0014597,S00198,P00598,W018,2026-08-29,247,11518.5,2026-09-18,2026-09-23,0
14599,Future Date: Delivery_Date,PU0014598,S00199,P00599,W019,2026-08-30,248,11744.8,2026-09-19,2026-10-09,0
14600,Future Date: Delivery_Date,PU0014599,S00200,P00600,W020,2026-08-31,249,11973.3,2026-09-20,2026-09-21,0
14614,Invalid Foreign Key: Product_ID,PU0014613,S00014,P00614,W014,2025-09-14,263,1885.7,2025-10-04,2025-10-07,0
14842,Invalid Foreign Key: Product_ID,PU0014841,S00042,P00842,W002,2026-04-30,491,5242.900000000001,2026-05-20,2026-06-09,0
14921,Invalid Foreign Key: Product_ID,PU0014920,S00121,P00921,W001,2026-07-18,120,2600.0,2026-08-07,2026-08-11,10
14941,Future Date: Delivery_Date,PU0014940,S00141,P00941,W001,2026-08-07,140,4700.0,2026-08-27,2026-09-16,12
14950,Future Date: Delivery_Date,PU0014949,S00150,P00950,W010,2026-08-16,149,6202.1,2026-09-05,2026-09-25,0
14957,Future Date: Delivery_Date,PU0014956,S00157,P00957,W017,2026-08-23,156,6718.400000000001,2026-09-12,2026-09-16,0
14958,Future Date: Delivery_Date,PU0014957,S00158,P00958,W018,2026-08-24,157,6898.5,2026-09-13,2026-09-18,0
14959,Future Date: Delivery_Date,PU0014958,S00159,P00959,W019,2026-08-25,158,7080.8,2026-09-14,2026-10-04,0
14960,Future Date: Delivery_Date,PU0014959,S00160,P00960,W020,2026-08-26,159,7265.3,2026-09-15,2026-09-16,0
14961,Future Date: Delivery_Date,PU0014960,S00161,P00961,W001,2026-08-27,160,7452.000000000001,2026-09-16,2026-09-18,13
14962,Future Date: Delivery_Date,PU0014961,S00162,P00962,W002,2026-08-28,161,7640.900000000001,2026-09-17,2026-09-20,0
14963,Future Date: Delivery_Date,PU0014962,S00163,P00963,W003,2026-08-29,162,7832.000000000001,2026-09-18,2026-09-22,0
14964,Future Date: Delivery_Date,PU0014963,S00164,P00964,W004,2026-08-30,163,8025.300000000001,2026-09-19,2026-09-24,0
14965,Future Date: Delivery_Date,PU0014964,S00165,P00965,W005,2026-08-31,164,7340.0,2026-09-20,2026-09-20,0
14998,Invalid Foreign Key: Product_ID,PU0014997,S00198,P00998,W018,2025-10-03,197,11957.3,2025-10-23,2025-10-26,0
15010,Negative Value: Quantity,PU0015009,S00010,P00010,W010,2025-10-15,-10,1406.1,2025-11-04,2025-11-07,0
15307,Invalid Foreign Key: Product_ID,PU0015306,S00107,P00307,W007,2026-08-08,56,1017.6,2026-08-28,2026-08-28,0
15310,Future Date: Delivery_Date,PU0015309,S00110,P00310,W010,2026-08-11,59,1406.1,2026-08-31,2026-09-20,0
15319,Future Date: Delivery_Date,PU0015318,S00119,P00319,W019,2026-08-20,68,2416.8,2026-09-09,2026-09-29,0
15323,Future Date: Delivery_Date,PU0015322,S00123,P00323,W003,2026-08-24,72,2992.0000000000005,2026-09-13,2026-09-17,0
15324,Future Date: Delivery_Date,PU0015323,S00124,P00324,W004,2026-08-25,73,3141.3,2026-09-14,2026-09-19,0
15326,Future Date: Delivery_Date,PU0015325,S00126,P00326,W006,2026-08-27,75,3080.5,2026-09-16,2026-09-17,0
15327,Future Date: Delivery_Date,PU0015326,S00127,P00327,W007,2026-08-28,76,3223.2000000000003,2026-09-17,2026-09-19,0
15328,Future Date: Delivery_Date,PU0015327,S00128,P00328,W008,2026-08-29,77,3368.1,2026-09-18,2026-10-08,0
15329,Future Date: Delivery_Date,PU0015328,S00129,P00329,W009,2026-08-30,78,3515.2000000000003,2026-09-19,2026-09-23,0
15330,Future Date: Delivery_Date,PU0015329,S00130,P00330,W010,2026-08-31,79,3664.5,2026-09-20,2026-09-25,0
15421,Invalid Foreign Key: Product_ID,PU0015420,S00021,P00421,W001,2025-11-30,170,2500.0,2025-12-20,2025-12-20,14
15499,Invalid Foreign Key: Product_ID,PU0015498,S00099,P00499,W019,2026-02-16,248,11744.8,2026-03-08,2026-03-28,0
15577,Invalid Foreign Key: Product_ID,PU0015576,S00177,P00577,W017,2026-05-05,326,8660.0,2026-05-25,2026-05-25,0
15614,Invalid Foreign Key: Product_ID,PU0015613,S00014,P00614,W014,2026-06-11,363,1747.3,2026-07-01,2026-07-02,0
15679,Future Date: Delivery_Date,PU0015678,S00079,P00679,W019,2026-08-15,428,9412.8,2026-09-04,2026-09-24,0
15688,Future Date: Delivery_Date,PU0015687,S00088,P00688,W008,2026-08-24,437,10166.1,2026-09-13,2026-10-03,0
15689,Future Date: Delivery_Date,PU0015688,S00089,P00689,W009,2026-08-25,438,10379.2,2026-09-14,2026-09-18,0
15690,Future Date: Delivery_Date,PU0015689,S00090,P00690,W010,2026-08-26,439,10594.5,2026-09-15,2026-09-20,0
15691,Future Date: Delivery_Date,PU0015690,S00091,P00691,W011,2026-08-27,440,10812.0,2026-09-16,2026-09-16,36
15692,Future Date: Delivery_Date,PU0015691,S00092,P00692,W012,2026-08-28,441,11031.7,2026-09-17,2026-09-18,0
15693,Future Date: Delivery_Date,PU0015692,S00093,P00693,W013,2026-08-29,442,11253.6,2026-09-18,2026-09-20,0
15694,Future Date: Delivery_Date,PU0015693,S00094,P00694,W014,2026-08-30,443,11477.7,2026-09-19,2026-09-22,0
15695,Future Date: Delivery_Date,PU0015694,S00095,P00695,W015,2026-08-31,444,11704.000000000002,2026-09-20,2026-09-24,0
15842,Invalid Foreign Key: Product_ID,PU0015841,S00042,P00842,W002,2026-01-25,141,4858.1,2026-02-14,2026-02-15,0
15921,Invalid Foreign Key: Product_ID,PU0015920,S00121,P00921,W001,2026-04-14,220,2700.0,2026-05-04,2026-05-06,18
15998,Invalid Foreign Key: Product_ID,PU0015997,S00198,P00998,W018,2026-06-30,297,11079.7,2026-07-20,2026-07-21,0
16005,Invalid Foreign Key: Supplier_ID,PU0016004,S99999,P00005,W005,2026-07-07,304,799.2,2026-07-27,2026-07-29,0
16039,Future Date: Delivery_Date,PU0016038,S00039,P00039,W019,2026-08-10,338,4748.8,2026-08-30,2026-09-19,0
16048,Future Date: Delivery_Date,PU0016047,S00048,P00048,W008,2026-08-19,347,5634.1,2026-09-08,2026-09-28,0
16054,Future Date: Delivery_Date,PU0016053,S00054,P00054,W014,2026-08-25,353,6681.700000000001,2026-09-14,2026-09-17,0
16055,Future Date: Delivery_Date,PU0016054,S00055,P00055,W015,2026-08-26,354,6864.000000000001,2026-09-15,2026-09-19,0
16056,Future Date: Delivery_Date,PU0016055,S00056,P00056,W016,2026-08-27,355,7048.500000000001,2026-09-16,2026-09-21,0
16057,Future Date: Delivery_Date,PU0016056,S00057,P00057,W017,2026-08-28,356,6460.0,2026-09-17,2026-10-07,0
16058,Future Date: Delivery_Date,PU0016057,S00058,P00058,W018,2026-08-29,357,6635.7,2026-09-18,2026-09-19,0
16059,Future Date: Delivery_Date,PU0016058,S00059,P00059,W019,2026-08-30,358,6813.6,2026-09-19,2026-09-21,0
16060,Future Date: Delivery_Date,PU0016059,S00060,P00060,W020,2026-08-31,359,6993.7,2026-09-20,2026-09-23,0
16307,Invalid Foreign Key: Product_ID,PU0016306,S00107,P00307,W007,2026-05-05,156,1056.0,2026-05-25,2026-05-29,0
16408,Future Date: Delivery_Date,PU0016407,S00008,P00408,W008,2026-08-14,257,1102.1,2026-09-03,2026-09-23,0
16416,Future Date: Delivery_Date,PU0016415,S00016,P00416,W016,2026-08-22,265,2164.5,2026-09-11,2026-09-16,0
16417,Future Date: Delivery_Date,PU0016416,S00017,P00417,W017,2026-08-23,266,2060.0,2026-09-12,2026-10-02,0
16419,Future Date: Delivery_Date,PU0016418,S00019,P00419,W019,2026-08-25,268,2325.6,2026-09-14,2026-09-16,0
16420,Future Date: Delivery_Date,PU0016419,S00020,P00420,W020,2026-08-26,269,2461.7000000000003,2026-09-15,2026-09-18,0
16421,Future Date: Delivery_Date; Invalid Foreign Key: Product_ID,PU0016420,S00021,P00421,W001,2026-08-27,270,2600.0,2026-09-16,2026-09-20,22
16422,Future Date: Delivery_Date,PU0016421,S00022,P00422,W002,2026-08-28,271,2740.5,2026-09-17,2026-09-22,0
16423,Future Date: Delivery_Date,PU0016422,S00023,P00423,W003,2026-08-29,272,2883.2000000000003,2026-09-18,2026-09-18,0
16424,Future Date: Delivery_Date,PU0016423,S00024,P00424,W004,2026-08-30,273,3028.1000000000004,2026-09-19,2026-09-20,0
16425,Future Date: Delivery_Date,PU0016424,S00025,P00425,W005,2026-08-31,274,3175.2000000000003,2026-09-20,2026-09-22,0
16499,Invalid Foreign Key: Product_ID,PU0016498,S00099,P00499,W019,2025-11-13,348,12188.000000000002,2025-12-03,2025-12-07,0
16577,Invalid Foreign Key: Product_ID,PU0016576,S00177,P00577,W017,2026-01-30,426,9006.4,2026-02-19,2026-02-23,0
16614,Invalid Foreign Key: Product_ID,PU0016613,S00014,P00614,W014,2026-03-08,463,1816.5,2026-03-28,2026-04-02,0
16768,Future Date: Delivery_Date,PU0016767,S00168,P00768,W008,2026-08-09,167,7900.1,2026-08-29,2026-09-18,0
16777,Future Date: Delivery_Date,PU0016776,S00177,P00777,W017,2026-08-18,176,8660.0,2026-09-07,2026-09-27,0
16782,Future Date: Delivery_Date,PU0016781,S00182,P00782,W002,2026-08-23,181,9670.5,2026-09-12,2026-09-17,0
16785,Future Date: Delivery_Date,PU0016784,S00185,P00785,W005,2026-08-26,184,10303.2,2026-09-15,2026-09-17,0
16786,Future Date: Delivery_Date,PU0016785,S00186,P00786,W006,2026-08-27,185,10518.5,2026-09-16,2026-10-06,0
16787,Future Date: Delivery_Date,PU0016786,S00187,P00787,W007,2026-08-28,186,10736.0,2026-09-17,2026-09-21,0
16788,Future Date: Delivery_Date,PU0016787,S00188,P00788,W008,2026-08-29,187,10955.7,2026-09-18,2026-09-23,0
16789,Future Date: Delivery_Date,PU0016788,S00189,P00789,W009,2026-08-30,188,9980.0,2026-09-19,2026-09-19,0
16790,Future Date: Delivery_Date,PU0016789,S00190,P00790,W010,2026-08-31,189,10190.9,2026-09-20,2026-09-21,0
16842,Invalid Foreign Key: Product_ID,PU0016841,S00042,P00842,W002,2025-10-22,241,5050.5,2025-11-11,2025-11-16,0
16921,Invalid Foreign Key: Product_ID,PU0016920,S00121,P00921,W001,2026-01-09,320,2500.0,2026-01-29,2026-02-18,26
16998,Invalid Foreign Key: Product_ID,PU0016997,S00198,P00998,W018,2026-03-27,397,11518.5,2026-04-16,2026-04-21,0
17137,Future Date: Delivery_Date,PU0017136,S00137,P00137,W017,2026-08-13,86,4260.0,2026-09-02,2026-09-22,0
17146,Future Date: Delivery_Date,PU0017145,S00146,P00146,W006,2026-08-22,95,5722.5,2026-09-11,2026-10-01,0
17147,Future Date: Delivery_Date,PU0017146,S00147,P00147,W007,2026-08-23,96,5896.000000000001,2026-09-12,2026-09-16,0
17148,Future Date: Delivery_Date,PU0017147,S00148,P00148,W008,2026-08-24,97,6071.700000000001,2026-09-13,2026-09-18,0
17150,Future Date: Delivery_Date,PU0017149,S00150,P00150,W010,2026-08-26,99,5746.9,2026-09-15,2026-09-16,0
17151,Future Date: Delivery_Date,PU0017150,S00151,P00151,W011,2026-08-27,100,5916.0,2026-09-16,2026-09-18,8
17152,Future Date: Delivery_Date,PU0017151,S00152,P00152,W012,2026-08-28,101,6087.3,2026-09-17,2026-09-20,0
17153,Future Date: Delivery_Date,PU0017152,S00153,P00153,W013,2026-08-29,102,6260.8,2026-09-18,2026-09-22,0
17154,Future Date: Delivery_Date,PU0017153,S00154,P00154,W014,2026-08-30,103,6436.5,2026-09-19,2026-09-24,0
17155,Future Date: Delivery_Date,PU0017154,S00155,P00155,W015,2026-08-31,104,6614.400000000001,2026-09-20,2026-10-10,0
17307,Invalid Foreign Key: Product_ID,PU0017306,S00107,P00307,W007,2026-01-30,256,979.2,2026-02-19,2026-02-21,0
17421,Invalid Foreign Key: Product_ID,PU0017420,S00021,P00421,W001,2026-05-24,370,2700.0,2026-06-13,2026-06-15,30
17497,Future Date: Delivery_Date,PU0017496,S00097,P00497,W017,2026-08-08,446,10860.0,2026-08-28,2026-09-17,0
17499,Invalid Foreign Key: Product_ID,PU0017498,S00099,P00499,W019,2026-08-10,448,11301.6,2026-08-30,2026-09-01,0
17506,Future Date: Delivery_Date,PU0017505,S00106,P00506,W006,2026-08-17,455,926.5,2026-09-06,2026-09-26,0
17513,Future Date: Delivery_Date,PU0017512,S00113,P00513,W013,2026-08-24,462,1684.8,2026-09-13,2026-09-17,0
17514,Future Date: Delivery_Date,PU0017513,S00114,P00514,W014,2026-08-25,463,1816.5,2026-09-14,2026-09-19,0
17515,Future Date: Delivery_Date,PU0017514,S00115,P00515,W015,2026-08-26,464,1950.4,2026-09-15,2026-10-05,0
17516,Future Date: Delivery_Date,PU0017515,S00116,P00516,W016,2026-08-27,465,2086.5,2026-09-16,2026-09-17,0
17517,Future Date: Delivery_Date,PU0017516,S00117,P00517,W017,2026-08-28,466,2224.8,2026-09-17,2026-09-19,0
17518,Future Date: Delivery_Date,PU0017517,S00118,P00518,W018,2026-08-29,467,2365.3,2026-09-18,2026-09-21,0
17519,Future Date: Delivery_Date,PU0017518,S00119,P00519,W019,2026-08-30,468,2508.0,2026-09-19,2026-09-23,0
17520,Future Date: Delivery_Date,PU0017519,S00120,P00520,W020,2026-08-31,469,2652.9,2026-09-20,2026-09-25,0
17577,Invalid Foreign Key: Product_ID,PU0017576,S00177,P00577,W017,2025-10-27,76,9352.8,2025-11-16,2025-11-18,0
17614,Invalid Foreign Key: Product_ID,PU0017613,S00014,P00614,W014,2025-12-03,113,1885.7,2025-12-23,2026-01-12,0
17842,Invalid Foreign Key: Product_ID,PU0017841,S00042,P00842,W002,2026-07-19,341,5242.900000000001,2026-08-08,2026-08-11,0
17866,Future Date: Delivery_Date,PU0017865,S00066,P00866,W006,2026-08-12,365,8120.500000000001,2026-09-01,2026-09-21,0
17875,Future Date: Delivery_Date,PU0017874,S00075,P00875,W015,2026-08-21,374,8946.4,2026-09-10,2026-09-30,0
17878,Future Date: Delivery_Date,PU0017877,S00078,P00878,W018,2026-08-24,377,9559.3,2026-09-13,2026-09-16,0
17879,Future Date: Delivery_Date,PU0017878,S00079,P00879,W019,2026-08-25,378,9768.0,2026-09-14,2026-09-18,0
17880,Future Date: Delivery_Date,PU0017879,S00080,P00880,W020,2026-08-26,379,9978.9,2026-09-15,2026-09-20,0
17881,Future Date: Delivery_Date,PU0017880,S00081,P00881,W001,2026-08-27,380,9100.0,2026-09-16,2026-09-16,31
17882,Future Date: Delivery_Date,PU0017881,S00082,P00882,W002,2026-08-28,381,9302.1,2026-09-17,2026-09-18,0
17883,Future Date: Delivery_Date,PU0017882,S00083,P00883,W003,2026-08-29,382,9506.4,2026-09-18,2026-09-20,0
17884,Future Date: Delivery_Date,PU0017883,S00084,P00884,W004,2026-08-30,383,9712.9,2026-09-19,2026-10-09,0
17885,Future Date: Delivery_Date,PU0017884,S00085,P00885,W005,2026-08-31,384,9921.6,2026-09-20,2026-09-24,0
17921,Invalid Foreign Key: Product_ID,PU0017920,S00121,P00921,W001,2025-10-06,420,2600.0,2025-10-26,2025-10-30,34
17998,Invalid Foreign Key: Product_ID,PU0017997,S00198,P00998,W018,2025-12-22,497,11957.3,2026-01-11,2026-01-14,0
18226,Future Date: Delivery_Date,PU0018225,S00026,P00226,W006,2026-08-07,275,3324.5000000000005,2026-08-27,2026-09-16,0
18235,Future Date: Delivery_Date,PU0018234,S00035,P00235,W015,2026-08-16,284,4282.400000000001,2026-09-05,2026-09-25,0
18244,Future Date: Delivery_Date,PU0018243,S00044,P00244,W004,2026-08-25,293,5180.900000000001,2026-09-14,2026-10-04,0
18245,Future Date: Delivery_Date,PU0018244,S00045,P00245,W005,2026-08-26,294,5345.6,2026-09-15,2026-09-19,0
18246,Future Date: Delivery_Date,PU0018245,S00046,P00246,W006,2026-08-27,295,5512.5,2026-09-16,2026-09-21,0
18247,Future Date: Delivery_Date,PU0018246,S00047,P00247,W007,2026-08-28,296,5681.6,2026-09-17,2026-09-17,0
18248,Future Date: Delivery_Date,PU0018247,S00048,P00248,W008,2026-08-29,297,5852.900000000001,2026-09-18,2026-09-19,0
18249,Future Date: Delivery_Date,PU0018248,S00049,P00249,W009,2026-08-30,298,6026.400000000001,2026-09-19,2026-09-21,0
18250,Future Date: Delivery_Date,PU0018249,S00050,P00250,W010,2026-08-31,299,6202.1,2026-09-20,2026-09-23,0
18307,Invalid Foreign Key: Product_ID,PU0018306,S00107,P00307,W007,2025-10-27,356,1017.6,2025-11-16,2025-12-06,0
18421,Invalid Foreign Key: Product_ID,PU0018420,S00021,P00421,W001,2026-02-18,470,2500.0,2026-03-10,2026-03-10,38
18499,Invalid Foreign Key: Product_ID,PU0018498,S00099,P00499,W019,2026-05-07,98,11744.8,2026-05-27,2026-05-27,0
18577,Invalid Foreign Key: Product_ID,PU0018576,S00177,P00577,W017,2026-07-24,176,8660.0,2026-08-13,2026-09-02,0
18595,Future Date: Delivery_Date,PU0018594,S00195,P00595,W015,2026-08-11,194,11278.4,2026-08-31,2026-09-20,0
18604,Future Date: Delivery_Date,PU0018603,S00004,P00604,W004,2026-08-20,203,648.9,2026-09-09,2026-09-29,0
18606,Future Date: Delivery_Date,PU0018605,S00006,P00606,W006,2026-08-22,205,892.5,2026-09-11,2026-09-16,0
18609,Future Date: Delivery_Date,PU0018608,S00009,P00609,W009,2026-08-25,208,1274.4,2026-09-14,2026-09-16,0
18610,Future Date: Delivery_Date,PU0018609,S00010,P00610,W010,2026-08-26,209,1406.1,2026-09-15,2026-09-18,0
18611,Future Date: Delivery_Date,PU0018610,S00011,P00611,W011,2026-08-27,210,1540.0000000000002,2026-09-16,2026-09-20,17
18612,Future Date: Delivery_Date,PU0018611,S00012,P00612,W012,2026-08-28,211,1676.1,2026-09-17,2026-09-22,0
18613,Future Date: Delivery_Date,PU0018612,S00013,P00613,W013,2026-08-29,212,1620.0,2026-09-18,2026-10-08,0
18614,Future Date: Delivery_Date; Invalid Foreign Key: Product_ID,PU0018613,S00014,P00614,W014,2026-08-30,213,1747.3,2026-09-19,2026-09-20,0
18615,Future Date: Delivery_Date,PU0018614,S00015,P00615,W015,2026-08-31,214,1876.8,2026-09-20,2026-09-22,0
18842,Invalid Foreign Key: Product_ID,PU0018841,S00042,P00842,W002,2026-04-15,441,4858.1,2026-05-05,2026-05-06,0
18921,Invalid Foreign Key: Product_ID,PU0018920,S00121,P00921,W001,2026-07-03,70,2700.0,2026-07-23,2026-07-25,6
18964,Future Date: Delivery_Date,PU0018963,S00164,P00964,W004,2026-08-15,113,7446.900000000001,2026-09-04,2026-09-24,0
18972,Future Date: Delivery_Date,PU0018971,S00172,P00972,W012,2026-08-23,121,9002.1,2026-09-12,2026-09-17,0
18973,Future Date: Delivery_Date,PU0018972,S00173,P00973,W013,2026-08-24,122,8220.0,2026-09-13,2026-10-03,0
18975,Future Date: Delivery_Date,PU0018974,S00175,P00975,W015,2026-08-26,124,8608.8,2026-09-15,2026-09-17,0
18976,Future Date: Delivery_Date,PU0018975,S00176,P00976,W016,2026-08-27,125,8806.5,2026-09-16,2026-09-19,0
18977,Future Date: Delivery_Date,PU0018976,S00177,P00977,W017,2026-08-28,126,9006.4,2026-09-17,2026-09-21,0
18978,Future Date: Delivery_Date,PU0018977,S00178,P00978,W018,2026-08-29,127,9208.5,2026-09-18,2026-09-23,0
18979,Future Date: Delivery_Date,PU0018978,S00179,P00979,W019,2026-08-30,128,9412.8,2026-09-19,2026-09-19,0
18980,Future Date: Delivery_Date,PU0018979,S00180,P00980,W020,2026-08-31,129,9619.3,2026-09-20,2026-09-21,0
18998,Invalid Foreign Key: Product_ID,PU0018997,S00198,P00998,W018,2025-09-18,147,11079.7,2025-10-08,2025-10-09,0
19307,Invalid Foreign Key: Product_ID,PU0019306,S00107,P00307,W007,2026-07-24,456,1056.0,2026-08-13,2026-08-17,0
19324,Future Date: Delivery_Date,PU0019323,S00124,P00324,W004,2026-08-10,473,2914.9,2026-08-30,2026-09-19,0
19333,Future Date: Delivery_Date,PU0019332,S00133,P00333,W013,2026-08-19,482,3820.0,2026-09-08,2026-09-28,0
19337,Future Date: Delivery_Date,PU0019336,S00137,P00337,W017,2026-08-23,486,4430.400000000001,2026-09-12,2026-09-16,0
19338,Future Date: Delivery_Date,PU0019337,S00138,P00338,W018,2026-08-24,487,4588.5,2026-09-13,2026-09-18,0
19340,Future Date: Delivery_Date,PU0019339,S00140,P00340,W020,2026-08-26,489,4911.3,2026-09-15,2026-09-16,0
19341,Future Date: Delivery_Date,PU0019340,S00141,P00341,W001,2026-08-27,490,5076.0,2026-09-16,2026-09-18,40
19342,Future Date: Delivery_Date,PU0019341,S00142,P00342,W002,2026-08-28,491,5242.900000000001,2026-09-17,2026-10-07,0
19343,Future Date: Delivery_Date,PU0019342,S00143,P00343,W003,2026-08-29,492,5412.0,2026-09-18,2026-09-22,0
19344,Future Date: Delivery_Date,PU0019343,S00144,P00344,W004,2026-08-30,493,5583.3,2026-09-19,2026-09-24,0
19345,Future Date: Delivery_Date,PU0019344,S00145,P00345,W005,2026-08-31,494,5140.0,2026-09-20,2026-09-20,0
19421,Invalid Foreign Key: Product_ID,PU0019420,S00021,P00421,W001,2025-11-15,120,2600.0,2025-12-05,2025-12-09,10
19499,Invalid Foreign Key: Product_ID,PU0019498,S00099,P00499,W019,2026-02-01,198,12188.000000000002,2026-02-21,2026-02-25,0
19577,Invalid Foreign Key: Product_ID,PU0019576,S00177,P00577,W017,2026-04-20,276,9006.4,2026-05-10,2026-05-14,0
19614,Invalid Foreign Key: Product_ID,PU0019613,S00014,P00614,W014,2026-05-27,313,1816.5,2026-06-16,2026-06-21,0
19693,Future Date: Delivery_Date,PU0019692,S00093,P00693,W013,2026-08-14,392,10420.0,2026-09-03,2026-09-23,0
19702,Future Date: Delivery_Date,PU0019701,S00102,P00702,W002,2026-08-23,401,446.9,2026-09-12,2026-10-02,0
19703,Future Date: Delivery_Date,PU0019702,S00103,P00703,W003,2026-08-24,402,572.0,2026-09-13,2026-09-17,0
19704,Future Date: Delivery_Date,PU0019703,S00104,P00704,W004,2026-08-25,403,699.3000000000001,2026-09-14,2026-09-19,0
19706,Future Date: Delivery_Date,PU0019705,S00106,P00706,W006,2026-08-27,405,858.5,2026-09-16,2026-09-17,0
19707,Future Date: Delivery_Date,PU0019706,S00107,P00707,W007,2026-08-28,406,979.2,2026-09-17,2026-09-19,0
19708,Future Date: Delivery_Date,PU0019707,S00108,P00708,W008,2026-08-29,407,1102.1,2026-09-18,2026-09-21,0
19709,Future Date: Delivery_Date,PU0019708,S00109,P00709,W009,2026-08-30,408,1227.2,2026-09-19,2026-09-23,0
19710,Future Date: Delivery_Date,PU0019709,S00110,P00710,W010,2026-08-31,409,1354.5,2026-09-20,2026-09-25,0
19842,Invalid Foreign Key: Product_ID,PU0019841,S00042,P00842,W002,2026-01-10,91,5050.5,2026-01-30,2026-02-04,0
19921,Invalid Foreign Key: Product_ID,PU0019920,S00121,P00921,W001,2026-03-30,170,2500.0,2026-04-19,2026-04-19,14
19998,Invalid Foreign Key: Product_ID,PU0019997,S00198,P00998,W018,2026-06-15,247,11518.5,2026-07-05,2026-07-10,0
20006,Invalid Foreign Key: Supplier_ID,PU0020005,S99999,P00006,W006,2026-06-23,255,858.5,2026-07-13,2026-07-14,0
20013,Negative Value: Quantity,PU0020012,S00013,P00013,W013,2026-06-30,-10,1749.6,2026-07-20,2026-07-22,0
20053,Future Date: Delivery_Date,PU0020052,S00053,P00053,W013,2026-08-09,302,6020.0,2026-08-29,2026-09-18,0
20062,Future Date: Delivery_Date,PU0020061,S00062,P00062,W002,2026-08-18,311,7640.900000000001,2026-09-07,2026-09-27,0
20068,Future Date: Delivery_Date,PU0020067,S00068,P00068,W008,2026-08-24,317,7900.1,2026-09-13,2026-09-16,0
20069,Future Date: Delivery_Date,PU0020068,S00069,P00069,W009,2026-08-25,318,8091.200000000001,2026-09-14,2026-09-18,0
20070,Future Date: Delivery_Date,PU0020069,S00070,P00070,W010,2026-08-26,319,8284.5,2026-09-15,2026-09-20,0
20071,Future Date: Delivery_Date,PU0020070,S00071,P00071,W011,2026-08-27,320,8480.0,2026-09-16,2026-10-06,26
20072,Future Date: Delivery_Date,PU0020071,S00072,P00072,W012,2026-08-28,321,8677.7,2026-09-17,2026-09-18,0
20073,Future Date: Delivery_Date,PU0020072,S00073,P00073,W013,2026-08-29,322,8877.6,2026-09-18,2026-09-20,0
20074,Future Date: Delivery_Date,PU0020073,S00074,P00074,W014,2026-08-30,323,9079.7,2026-09-19,2026-09-22,0
20075,Future Date: Delivery_Date,PU0020074,S00075,P00075,W015,2026-08-31,324,9284.0,2026-09-20,2026-09-24,0
20307,Invalid Foreign Key: Product_ID,PU0020306,S00107,P00307,W007,2026-04-20,106,979.2,2026-05-10,2026-05-12,0
20421,Invalid Foreign Key: Product_ID,PU0020420,S00021,P00421,W001,2026-08-12,220,2700.0,2026-09-01,2026-09-03,18
20422,Future Date: Delivery_Date,PU0020421,S00022,P00422,W002,2026-08-13,221,2844.9,2026-09-02,2026-09-22,0
20431,Future Date: Delivery_Date,PU0020430,S00031,P00431,W011,2026-08-22,230,3816.0,2026-09-11,2026-10-01,19
20434,Future Date: Delivery_Date,PU0020433,S00034,P00434,W014,2026-08-25,233,4283.700000000001,2026-09-14,2026-09-17,0
20435,Future Date: Delivery_Date,PU0020434,S00035,P00435,W015,2026-08-26,234,4444.0,2026-09-15,2026-09-19,0
20436,Future Date: Delivery_Date,PU0020435,S00036,P00436,W016,2026-08-27,235,4606.5,2026-09-16,2026-09-21,0
20437,Future Date: Delivery_Date,PU0020436,S00037,P00437,W017,2026-08-28,236,4260.0,2026-09-17,2026-09-17,0
20438,Future Date: Delivery_Date,PU0020437,S00038,P00438,W018,2026-08-29,237,4413.7,2026-09-18,2026-09-19,0
20439,Future Date: Delivery_Date,PU0020438,S00039,P00439,W019,2026-08-30,238,4569.6,2026-09-19,2026-09-21,0
20440,Future Date: Delivery_Date,PU0020439,S00040,P00440,W020,2026-08-31,239,4727.7,2026-09-20,2026-10-10,0
20499,Invalid Foreign Key: Product_ID,PU0020498,S00099,P00499,W019,2025-10-29,298,11301.6,2025-11-18,2025-11-20,0
20577,Invalid Foreign Key: Product_ID,PU0020576,S00177,P00577,W017,2026-01-15,376,9352.8,2026-02-04,2026-02-06,0
20614,Invalid Foreign Key: Product_ID,PU0020613,S00014,P00614,W014,2026-02-21,413,1885.7,2026-03-13,2026-03-16,0
20782,Future Date: Delivery_Date,PU0020781,S00182,P00782,W002,2026-08-08,131,10038.9,2026-08-28,2026-09-17,0
20791,Future Date: Delivery_Date,PU0020790,S00191,P00791,W011,2026-08-17,140,10812.0,2026-09-06,2026-09-26,12
20796,Future Date: Delivery_Date,PU0020795,S00196,P00796,W016,2026-08-22,145,11932.500000000002,2026-09-11,2026-09-16,0
20799,Future Date: Delivery_Date,PU0020798,S00199,P00799,W019,2026-08-25,148,11301.6,2026-09-14,2026-09-16,0
20800,Future Date: Delivery_Date,PU0020799,S00200,P00800,W020,2026-08-26,149,11525.7,2026-09-15,2026-10-05,0
20801,Future Date: Delivery_Date,PU0020800,S00001,P00801,W001,2026-08-27,150,312.0,2026-09-16,2026-09-20,12
20802,Future Date: Delivery_Date,PU0020801,S00002,P00802,W002,2026-08-28,151,430.5,2026-09-17,2026-09-22,0
20803,Future Date: Delivery_Date,PU0020802,S00003,P00803,W003,2026-08-29,152,551.2,2026-09-18,2026-09-18,0
20804,Future Date: Delivery_Date,PU0020803,S00004,P00804,W004,2026-08-30,153,674.1,2026-09-19,2026-09-20,0
20805,Future Date: Delivery_Date,PU0020804,S00005,P00805,W005,2026-08-31,154,799.2,2026-09-20,2026-09-22,0
20842,Invalid Foreign Key: Product_ID,PU0020841,S00042,P00842,W002,2025-10-07,191,5242.900000000001,2025-10-27,2025-10-30,0
20921,Invalid Foreign Key: Product_ID,PU0020920,S00121,P00921,W001,2025-12-25,270,2600.0,2026-01-14,2026-01-18,22
20998,Invalid Foreign Key: Product_ID,PU0020997,S00198,P00998,W018,2026-03-12,347,11957.3,2026-04-01,2026-04-21,0
21151,Future Date: Delivery_Date,PU0021150,S00151,P00151,W011,2026-08-12,50,6148.0,2026-09-01,2026-09-21,4
21160,Future Date: Delivery_Date,PU0021159,S00160,P00160,W020,2026-08-21,59,6993.7,2026-09-10,2026-09-30,0
21162,Future Date: Delivery_Date,PU0021161,S00162,P00162,W002,2026-08-23,61,7360.5,2026-09-12,2026-09-17,0
21165,Future Date: Delivery_Date,PU0021164,S00165,P00165,W005,2026-08-26,64,7927.200000000001,2026-09-15,2026-09-17,0
21166,Future Date: Delivery_Date,PU0021165,S00166,P00166,W006,2026-08-27,65,8120.500000000001,2026-09-16,2026-09-19,0
21167,Future Date: Delivery_Date,PU0021166,S00167,P00167,W007,2026-08-28,66,8316.0,2026-09-17,2026-09-21,0
21168,Future Date: Delivery_Date,PU0021167,S00168,P00168,W008,2026-08-29,67,8513.7,2026-09-18,2026-09-23,0
21169,Future Date: Delivery_Date,PU0021168,S00169,P00169,W009,2026-08-30,68,7780.0,2026-09-19,2026-10-09,0
21170,Future Date: Delivery_Date,PU0021169,S00170,P00170,W010,2026-08-31,69,7968.9,2026-09-20,2026-09-21,0
21307,Invalid Foreign Key: Product_ID,PU0021306,S00107,P00307,W007,2026-01-15,206,1017.6,2026-02-04,2026-02-04,0
21421,Invalid Foreign Key: Product_ID,PU0021420,S00021,P00421,W001,2026-05-09,320,2500.0,2026-05-29,2026-06-18,26
21499,Invalid Foreign Key: Product_ID,PU0021498,S00099,P00499,W019,2026-07-26,398,11744.8,2026-08-15,2026-08-15,0
21511,Future Date: Delivery_Date,PU0021510,S00111,P00511,W011,2026-08-07,410,1484.0,2026-08-27,2026-09-16,33
21520,Future Date: Delivery_Date,PU0021519,S00120,P00520,W020,2026-08-16,419,2461.7000000000003,2026-09-05,2026-09-25,0
21527,Future Date: Delivery_Date,PU0021526,S00127,P00527,W007,2026-08-23,426,3476.0000000000005,2026-09-12,2026-09-16,0
21528,Future Date: Delivery_Date,PU0021527,S00128,P00528,W008,2026-08-24,427,3629.7,2026-09-13,2026-09-18,0
21529,Future Date: Delivery_Date,PU0021528,S00129,P00529,W009,2026-08-25,428,3380.0,2026-09-14,2026-10-04,0
21530,Future Date: Delivery_Date,PU0021529,S00130,P00530,W010,2026-08-26,429,3524.9,2026-09-15,2026-09-16,0
21531,Future Date: Delivery_Date,PU0021530,S00131,P00531,W011,2026-08-27,430,3672.0,2026-09-16,2026-09-18,35
21532,Future Date: Delivery_Date,PU0021531,S00132,P00532,W012,2026-08-28,431,3821.3,2026-09-17,2026-09-20,0
21533,Future Date: Delivery_Date,PU0021532,S00133,P00533,W013,2026-08-29,432,3972.8,2026-09-18,2026-09-22,0
21534,Future Date: Delivery_Date,PU0021533,S00134,P00534,W014,2026-08-30,433,4126.5,2026-09-19,2026-09-24,0
21535,Future Date: Delivery_Date,PU0021534,S00135,P00535,W015,2026-08-31,434,4282.400000000001,2026-09-20,2026-09-20,0
21577,Invalid Foreign Key: Product_ID,PU0021576,S00177,P00577,W017,2025-10-12,476,8660.0,2025-11-01,2025-11-01,0
21614,Invalid Foreign Key: Product_ID,PU0021613,S00014,P00614,W014,2025-11-18,63,1747.3,2025-12-08,2025-12-09,0
21842,Invalid Foreign Key: Product_ID,PU0021841,S00042,P00842,W002,2026-07-04,291,4858.1,2026-07-24,2026-07-25,0
21880,Future Date: Delivery_Date,PU0021879,S00080,P00880,W020,2026-08-11,329,9259.7,2026-08-31,2026-09-20,0
21889,Future Date: Delivery_Date,PU0021888,S00089,P00889,W009,2026-08-20,338,9980.0,2026-09-09,2026-09-29,0
21893,Future Date: Delivery_Date,PU0021892,S00093,P00893,W013,2026-08-24,342,10836.8,2026-09-13,2026-09-17,0
21894,Future Date: Delivery_Date,PU0021893,S00094,P00894,W014,2026-08-25,343,11056.5,2026-09-14,2026-09-19,0
21896,Future Date: Delivery_Date,PU0021895,S00096,P00896,W016,2026-08-27,345,11502.5,2026-09-16,2026-09-17,0
21897,Future Date: Delivery_Date,PU0021896,S00097,P00897,W017,2026-08-28,346,11728.8,2026-09-17,2026-09-19,0
21898,Future Date: Delivery_Date,PU0021897,S00098,P00898,W018,2026-08-29,347,11957.3,2026-09-18,2026-10-08,0
21899,Future Date: Delivery_Date,PU0021898,S00099,P00899,W019,2026-08-30,348,12188.000000000002,2026-09-19,2026-09-23,0
21900,Future Date: Delivery_Date,PU0021899,S00100,P00900,W020,2026-08-31,349,12420.9,2026-09-20,2026-09-25,0
21921,Invalid Foreign Key: Product_ID,PU0021920,S00121,P00921,W001,2025-09-21,370,2700.0,2025-10-11,2025-10-13,30
21998,Invalid Foreign Key: Product_ID,PU0021997,S00198,P00998,W018,2025-12-07,447,11079.7,2025-12-27,2025-12-28,0
22249,Future Date: Delivery_Date,PU0022248,S00049,P00249,W009,2026-08-15,248,5580.0,2026-09-04,2026-09-24,0
22258,Future Date: Delivery_Date,PU0022257,S00058,P00258,W018,2026-08-24,257,7161.3,2026-09-13,2026-10-03,0
22259,Future Date: Delivery_Date,PU0022258,S00059,P00259,W019,2026-08-25,258,7348.000000000001,2026-09-14,2026-09-18,0
22260,Future Date: Delivery_Date,PU0022259,S00060,P00260,W020,2026-08-26,259,7536.900000000001,2026-09-15,2026-09-20,0
22261,Future Date: Delivery_Date,PU0022260,S00061,P00261,W001,2026-08-27,260,6900.0,2026-09-16,2026-09-16,21
22262,Future Date: Delivery_Date,PU0022261,S00062,P00262,W002,2026-08-28,261,7080.1,2026-09-17,2026-09-18,0
22263,Future Date: Delivery_Date,PU0022262,S00063,P00263,W003,2026-08-29,262,7262.400000000001,2026-09-18,2026-09-20,0
22264,Future Date: Delivery_Date,PU0022263,S00064,P00264,W004,2026-08-30,263,7446.900000000001,2026-09-19,2026-09-22,0
22265,Future Date: Delivery_Date,PU0022264,S00065,P00265,W005,2026-08-31,264,7633.6,2026-09-20,2026-09-24,0
22307,Invalid Foreign Key: Product_ID,PU0022306,S00107,P00307,W007,2025-10-12,306,1056.0,2025-11-01,2025-11-05,0
22421,Invalid Foreign Key: Product_ID,PU0022420,S00021,P00421,W001,2026-02-03,420,2600.0,2026-02-23,2026-02-27,34
22499,Invalid Foreign Key: Product_ID,PU0022498,S00099,P00499,W019,2026-04-22,498,12188.000000000002,2026-05-12,2026-05-16,0
22577,Invalid Foreign Key: Product_ID,PU0022576,S00177,P00577,W017,2026-07-09,126,9006.4,2026-07-29,2026-08-02,0
22609,Future Date: Delivery_Date,PU0022608,S00009,P00609,W009,2026-08-10,158,1180.0,2026-08-30,2026-09-19,0
22614,Invalid Foreign Key: Product_ID,PU0022613,S00014,P00614,W014,2026-08-15,163,1816.5,2026-09-04,2026-09-09,0
22618,Future Date: Delivery_Date,PU0022617,S00018,P00618,W018,2026-08-19,167,2365.3,2026-09-08,2026-09-28,0
22624,Future Date: Delivery_Date,PU0022623,S00024,P00624,W004,2026-08-25,173,2914.9,2026-09-14,2026-09-17,0
22625,Future Date: Delivery_Date,PU0022624,S00025,P00625,W005,2026-08-26,174,3057.6,2026-09-15,2026-09-19,0
22626,Future Date: Delivery_Date,PU0022625,S00026,P00626,W006,2026-08-27,175,3202.5,2026-09-16,2026-09-21,0
22627,Future Date: Delivery_Date,PU0022626,S00027,P00627,W007,2026-08-28,176,3349.6000000000004,2026-09-17,2026-10-07,0
22628,Future Date: Delivery_Date,PU0022627,S00028,P00628,W008,2026-08-29,177,3498.9,2026-09-18,2026-09-19,0
22629,Future Date: Delivery_Date,PU0022628,S00029,P00629,W009,2026-08-30,178,3650.4,2026-09-19,2026-09-21,0
22630,Future Date: Delivery_Date,PU0022629,S00030,P00630,W010,2026-08-31,179,3804.1,2026-09-20,2026-09-23,0
22842,Invalid Foreign Key: Product_ID,PU0022841,S00042,P00842,W002,2026-03-31,391,5050.5,2026-04-20,2026-04-25,0
22921,Invalid Foreign Key: Product_ID,PU0022920,S00121,P00921,W001,2026-06-18,470,2500.0,2026-07-08,2026-07-08,38
22978,Future Date: Delivery_Date,PU0022977,S00178,P00978,W018,2026-08-14,77,9559.3,2026-09-03,2026-09-23,0
22986,Future Date: Delivery_Date,PU0022985,S00186,P00986,W006,2026-08-22,85,10132.5,2026-09-11,2026-09-16,0
22987,Future Date: Delivery_Date,PU0022986,S00187,P00987,W007,2026-08-23,86,10345.6,2026-09-12,2026-10-02,0
22989,Future Date: Delivery_Date,PU0022988,S00189,P00989,W009,2026-08-25,88,10778.4,2026-09-14,2026-09-16,0
22990,Future Date: Delivery_Date,PU0022989,S00190,P00990,W010,2026-08-26,89,10998.1,2026-09-15,2026-09-18,0
22991,Future Date: Delivery_Date,PU0022990,S00191,P00991,W011,2026-08-27,90,11220.0,2026-09-16,2026-09-20,8
22992,Future Date: Delivery_Date,PU0022991,S00192,P00992,W012,2026-08-28,91,11444.1,2026-09-17,2026-09-22,0
22993,Future Date: Delivery_Date,PU0022992,S00193,P00993,W013,2026-08-29,92,10420.0,2026-09-18,2026-09-18,0
22994,Future Date: Delivery_Date,PU0022993,S00194,P00994,W014,2026-08-30,93,10635.3,2026-09-19,2026-09-20,0
22995,Future Date: Delivery_Date,PU0022994,S00195,P00995,W015,2026-08-31,94,10852.8,2026-09-20,2026-09-22,0
22998,Invalid Foreign Key: Product_ID,PU0022997,S00198,P00998,W018,2025-09-03,97,11518.5,2025-09-23,2025-09-28,0
23307,Invalid Foreign Key: Product_ID,PU0023306,S00107,P00307,W007,2026-07-09,406,979.2,2026-07-29,2026-07-31,0
23338,Future Date: Delivery_Date,PU0023337,S00138,P00338,W018,2026-08-09,437,4763.3,2026-08-29,2026-09-18,0
23347,Future Date: Delivery_Date,PU0023346,S00147,P00347,W007,2026-08-18,446,5681.6,2026-09-07,2026-09-27,0
23352,Future Date: Delivery_Date,PU0023351,S00152,P00352,W012,2026-08-23,451,6560.1,2026-09-12,2026-09-17,0
23355,Future Date: Delivery_Date,PU0023354,S00155,P00355,W015,2026-08-26,454,6364.8,2026-09-15,2026-09-17,0
23356,Future Date: Delivery_Date,PU0023355,S00156,P00356,W016,2026-08-27,455,6540.5,2026-09-16,2026-10-06,0
23357,Future Date: Delivery_Date,PU0023356,S00157,P00357,W017,2026-08-28,456,6718.400000000001,2026-09-17,2026-09-21,0
23358,Future Date: Delivery_Date,PU0023357,S00158,P00358,W018,2026-08-29,457,6898.5,2026-09-18,2026-09-23,0
23359,Future Date: Delivery_Date,PU0023358,S00159,P00359,W019,2026-08-30,458,7080.8,2026-09-19,2026-09-19,0
23360,Future Date: Delivery_Date,PU0023359,S00160,P00360,W020,2026-08-31,459,7265.3,2026-09-20,2026-09-21,0
23421,Invalid Foreign Key: Product_ID,PU0023420,S00021,P00421,W001,2025-10-31,70,2700.0,2025-11-20,2025-11-22,6
23499,Invalid Foreign Key: Product_ID,PU0023498,S00099,P00499,W019,2026-01-17,148,11301.6,2026-02-06,2026-02-08,0
23577,Invalid Foreign Key: Product_ID,PU0023576,S00177,P00577,W017,2026-04-05,226,9352.8,2026-04-25,2026-04-27,0
23614,Invalid Foreign Key: Product_ID,PU0023613,S00014,P00614,W014,2026-05-12,263,1885.7,2026-06-01,2026-06-04,0
23707,Future Date: Delivery_Date,PU0023706,S00107,P00707,W007,2026-08-13,356,1017.6,2026-09-02,2026-09-22,0
23716,Future Date: Delivery_Date,PU0023715,S00116,P00716,W016,2026-08-22,365,2008.5,2026-09-11,2026-10-01,0
23717,Future Date: Delivery_Date,PU0023716,S00117,P00717,W017,2026-08-23,366,2142.4,2026-09-12,2026-09-16,0
23718,Future Date: Delivery_Date,PU0023717,S00118,P00718,W018,2026-08-24,367,2278.5,2026-09-13,2026-09-18,0
23720,Future Date: Delivery_Date,PU0023719,S00120,P00720,W020,2026-08-26,369,2557.3,2026-09-15,2026-09-16,0
23721,Future Date: Delivery_Date,PU0023720,S00121,P00721,W001,2026-08-27,370,2700.0,2026-09-16,2026-09-18,30
23722,Future Date: Delivery_Date,PU0023721,S00122,P00722,W002,2026-08-28,371,2844.9,2026-09-17,2026-09-20,0
23723,Future Date: Delivery_Date,PU0023722,S00123,P00723,W003,2026-08-29,372,2992.0000000000005,2026-09-18,2026-09-22,0
23724,Future Date: Delivery_Date,PU0023723,S00124,P00724,W004,2026-08-30,373,3141.3,2026-09-19,2026-09-24,0
23725,Future Date: Delivery_Date,PU0023724,S00125,P00725,W005,2026-08-31,374,2940.0,2026-09-20,2026-10-10,0
23842,Invalid Foreign Key: Product_ID,PU0023841,S00042,P00842,W002,2025-12-26,491,5242.900000000001,2026-01-15,2026-02-04,0
23921,Invalid Foreign Key: Product_ID,PU0023920,S00121,P00921,W001,2026-03-15,120,2600.0,2026-04-04,2026-04-08,10
23998,Invalid Foreign Key: Product_ID,PU0023997,S00198,P00998,W018,2026-05-31,197,11957.3,2026-06-20,2026-06-23,0
24007,Invalid Foreign Key: Supplier_ID,PU0024006,S99999,P00007,W007,2026-06-09,206,1017.6,2026-06-29,2026-06-29,0
24067,Future Date: Delivery_Date,PU0024066,S00067,P00067,W007,2026-08-08,266,8013.6,2026-08-28,2026-09-17,0
24076,Future Date: Delivery_Date,PU0024075,S00076,P00076,W016,2026-08-17,275,8806.5,2026-09-06,2026-09-26,0
24083,Future Date: Delivery_Date,PU0024082,S00083,P00083,W003,2026-08-24,282,10252.0,2026-09-13,2026-09-17,0
24084,Future Date: Delivery_Date,PU0024083,S00084,P00084,W004,2026-08-25,283,10467.3,2026-09-14,2026-09-19,0
24085,Future Date: Delivery_Date,PU0024084,S00085,P00085,W005,2026-08-26,284,9540.0,2026-09-15,2026-10-05,0
24086,Future Date: Delivery_Date,PU0024085,S00086,P00086,W006,2026-08-27,285,9746.5,2026-09-16,2026-09-17,0
24087,Future Date: Delivery_Date,PU0024086,S00087,P00087,W007,2026-08-28,286,9955.2,2026-09-17,2026-09-19,0
24088,Future Date: Delivery_Date,PU0024087,S00088,P00088,W008,2026-08-29,287,10166.1,2026-09-18,2026-09-21,0
24089,Future Date: Delivery_Date,PU0024088,S00089,P00089,W009,2026-08-30,288,10379.2,2026-09-19,2026-09-23,0
24090,Future Date: Delivery_Date,PU0024089,S00090,P00090,W010,2026-08-31,289,10594.5,2026-09-20,2026-09-25,0
24307,Invalid Foreign Key: Product_ID,PU0024306,S00107,P00307,W007,2026-04-05,56,1017.6,2026-04-25,2026-04-25,0
24421,Invalid Foreign Key: Product_ID,PU0024420,S00021,P00421,W001,2026-07-28,170,2500.0,2026-08-17,2026-08-17,14
24436,Future Date: Delivery_Date,PU0024435,S00036,P00436,W016,2026-08-12,185,4274.5,2026-09-01,2026-09-21,0
24445,Future Date: Delivery_Date,PU0024444,S00045,P00445,W005,2026-08-21,194,5140.0,2026-09-10,2026-09-30,0
24448,Future Date: Delivery_Date,PU0024447,S00048,P00448,W008,2026-08-24,197,5634.1,2026-09-13,2026-09-16,0
24449,Future Date: Delivery_Date,PU0024448,S00049,P00449,W009,2026-08-25,198,5803.2,2026-09-14,2026-09-18,0
24450,Future Date: Delivery_Date,PU0024449,S00050,P00450,W010,2026-08-26,199,5974.5,2026-09-15,2026-09-20,0
24451,Future Date: Delivery_Date,PU0024450,S00051,P00451,W011,2026-08-27,200,6148.0,2026-09-16,2026-09-16,16
24452,Future Date: Delivery_Date,PU0024451,S00052,P00452,W012,2026-08-28,201,6323.700000000001,2026-09-17,2026-09-18,0
24453,Future Date: Delivery_Date,PU0024452,S00053,P00453,W013,2026-08-29,202,6501.6,2026-09-18,2026-09-20,0
24454,Future Date: Delivery_Date,PU0024453,S00054,P00454,W014,2026-08-30,203,6681.700000000001,2026-09-19,2026-10-09,0
24455,Future Date: Delivery_Date,PU0024454,S00055,P00455,W015,2026-08-31,204,6864.000000000001,2026-09-20,2026-09-24,0
24499,Invalid Foreign Key: Product_ID,PU0024498,S00099,P00499,W019,2025-10-14,248,11744.8,2025-11-03,2025-11-23,0
24577,Invalid Foreign Key: Product_ID,PU0024576,S00177,P00577,W017,2025-12-31,326,8660.0,2026-01-20,2026-01-20,0
24614,Invalid Foreign Key: Product_ID,PU0024613,S00014,P00614,W014,2026-02-06,363,1747.3,2026-02-26,2026-02-27,0
24796,Future Date: Delivery_Date,PU0024795,S00196,P00796,W016,2026-08-07,95,11072.5,2026-08-27,2026-09-16,0
24805,Future Date: Delivery_Date,PU0024804,S00005,P00805,W005,2026-08-16,104,740.0,2026-09-05,2026-09-25,0
24814,Future Date: Delivery_Date,PU0024813,S00014,P00814,W014,2026-08-25,113,1885.7,2026-09-14,2026-10-04,0
24815,Future Date: Delivery_Date,PU0024814,S00015,P00815,W015,2026-08-26,114,2024.0,2026-09-15,2026-09-19,0
24816,Future Date: Delivery_Date,PU0024815,S00016,P00816,W016,2026-08-27,115,2164.5,2026-09-16,2026-09-21,0
24817,Future Date: Delivery_Date,PU0024816,S00017,P00817,W017,2026-08-28,116,2060.0,2026-09-17,2026-09-17,0
24818,Future Date: Delivery_Date,PU0024817,S00018,P00818,W018,2026-08-29,117,2191.7,2026-09-18,2026-09-19,0
24819,Future Date: Delivery_Date,PU0024818,S00019,P00819,W019,2026-08-30,118,2325.6,2026-09-19,2026-09-21,0
24820,Future Date: Delivery_Date,PU0024819,S00020,P00820,W020,2026-08-31,119,2461.7000000000003,2026-09-20,2026-09-23,0
24842,Invalid Foreign Key: Product_ID,PU0024841,S00042,P00842,W002,2025-09-22,141,4858.1,2025-10-12,2025-10-13,0
24921,Invalid Foreign Key: Product_ID,PU0024920,S00121,P00921,W001,2025-12-10,220,2700.0,2025-12-30,2026-01-01,18
24998,Invalid Foreign Key: Product_ID,PU0024997,S00198,P00998,W018,2026-02-25,297,11079.7,2026-03-17,2026-03-18,0
