Source_Row,Reject_Reasons,Event_ID,Customer_ID,Session_ID,Event_Time,Channel,Event_Type,Page,Experiment_Group,Converted,Order_ID
787,Invalid Foreign Key: Customer_ID,EV00000786,C000787,SES00000197,2025-10-27 18:06:00,Instagram,Product View,/home,Treatment,0,
997,Invalid Foreign Key: Customer_ID,EV00000996,C000997,SES00000250,2026-05-25 12:36:00,Instagram,Checkout,/product,Treatment,0,
1574,Invalid Foreign Key: Customer_ID,EV00001573,C001574,SES00000394,2025-12-23 13:13:00,Referral,Checkout,/home,Control,0,
1994,Invalid Foreign Key: Customer_ID,EV00001993,C001994,SES00000499,2026-02-16 01:13:00,Referral,Add to Cart,/home,Control,0,
2361,Invalid Foreign Key: Customer_ID,EV00002360,C002361,SES00000591,2026-02-18 08:20:00,Google Ads,Page View,/product,Treatment,0,
2991,Invalid Foreign Key: Customer_ID,EV00002990,C002991,SES00000748,2025-11-10 14:50:00,Google Ads,Purchase,/cart,Treatment,1,O0002991
3148,Invalid Foreign Key: Customer_ID,EV00003147,C003148,SES00000787,2026-04-16 03:27:00,Email,Product View,/home,Control,0,
3750,Invalid Foreign Key: Order_ID,EV00003749,C003750,SES00000938,2025-12-09 05:29:00,Organic Search,Purchase,/product,Control,1,O0003750
3934,Invalid Foreign Key: Order_ID,EV00003933,C003934,SES00000984,2026-06-11 21:33:00,Referral,Purchase,/cart,Control,1,O0003934
3935,Invalid Foreign Key: Customer_ID,EV00003934,C003935,SES00000984,2026-06-12 22:34:00,Organic Search,Page View,/cart,Treatment,0,
3988,Invalid Foreign Key: Customer_ID,EV00003987,C003988,SES00000997,2026-08-04 03:27:00,Email,Page View,/product,Control,0,
4722,Invalid Foreign Key: Customer_ID,EV00004721,C004722,SES00001181,2026-08-08 17:41:00,Instagram,Checkout,/product,Control,0,
4985,Invalid Foreign Key: Customer_ID,EV00004984,C004985,SES00001247,2026-04-28 16:04:00,Organic Search,Checkout,/home,Treatment,0,
5981,Invalid Foreign Key: Order_ID,EV00005980,C005981,SES00001496,2026-01-19 04:40:00,Google Ads,Purchase,/cart,Treatment,1,O0005981
5982,Invalid Foreign Key: Customer_ID,EV00005981,C005982,SES00001496,2026-01-20 05:41:00,Instagram,Add to Cart,/cart,Control,0,
6296,Invalid Foreign Key: Customer_ID,EV00006295,C006296,SES00001574,2025-11-30 07:55:00,Google Ads,Page View,/checkout,Control,0,
6979,Invalid Foreign Key: Customer_ID,EV00006978,C006979,SES00001745,2025-10-14 18:18:00,Referral,Add to Cart,/checkout,Treatment,0,
7083,Invalid Foreign Key: Customer_ID,EV00007082,C007083,SES00001771,2026-01-26 02:02:00,Email,Checkout,/checkout,Treatment,0,
7108,Invalid Foreign Key: Order_ID,EV00007107,C007108,SES00001777,2026-02-20 03:27:00,Email,Purchase,/cart,Control,1,O0007108
7870,Invalid Foreign Key: Customer_ID,EV00007869,C007870,SES00001968,2026-03-24 21:09:00,Organic Search,Add to Cart,/product,Control,0,
7976,Invalid Foreign Key: Customer_ID,EV00007975,C007976,SES00001994,2026-07-08 07:55:00,Google Ads,Add to Cart,/product,Control,0,
8657,Invalid Foreign Key: Customer_ID,EV00008656,C008657,SES00002165,2026-05-20 16:16:00,Instagram,Checkout,/cart,Treatment,0,
8973,Invalid Foreign Key: Customer_ID,EV00008972,C008973,SES00002244,2026-04-01 20:32:00,Email,Page View,/home,Treatment,0,
9444,Invalid Foreign Key: Customer_ID,EV00009443,C009444,SES00002361,2026-07-16 11:23:00,Referral,Product View,/cart,Control,0,
9970,Invalid Foreign Key: Customer_ID,EV00009969,C009970,SES00002493,2025-12-24 09:09:00,Organic Search,Page View,/home,Control,0,
10231,Invalid Foreign Key: Customer_ID,EV00010230,C010231,SES00002558,2025-09-11 06:30:00,Google Ads,Page View,/checkout,Treatment,0,
10967,Invalid Foreign Key: Customer_ID,EV00010966,C010967,SES00002742,2025-09-17 22:46:00,Instagram,Product View,/home,Treatment,0,
11018,Invalid Foreign Key: Customer_ID,EV00011017,C011018,SES00002755,2025-11-07 01:37:00,Email,Purchase,/home,Control,1,O0011018
11805,Invalid Foreign Key: Customer_ID,EV00011804,C011805,SES00002952,2026-01-03 20:44:00,Organic Search,Product View,/checkout,Treatment,0,
11964,Invalid Foreign Key: Customer_ID,EV00011963,C011964,SES00002991,2026-06-11 11:23:00,Referral,Page View,/home,Control,0,
12592,Invalid Foreign Key: Customer_ID,EV00012591,C012592,SES00003148,2026-03-01 15:51:00,Instagram,Page View,/checkout,Control,0,
12961,Invalid Foreign Key: Customer_ID,EV00012960,C012961,SES00003241,2026-03-05 00:00:00,Google Ads,Product View,/cart,Treatment,0,
13379,Invalid Foreign Key: Customer_ID,EV00013378,C013379,SES00003345,2026-04-27 10:58:00,Referral,Add to Cart,/home,Treatment,0,
14166,Invalid Foreign Key: Customer_ID,EV00014165,C014166,SES00003542,2026-06-23 05:05:00,Google Ads,Product View,/product,Control,0,
14953,Invalid Foreign Key: Customer_ID,EV00014952,C014953,SES00003739,2026-08-19 00:12:00,Email,Product View,/checkout,Treatment,0,
14955,Invalid Foreign Key: Customer_ID,EV00014954,C014955,SES00003739,2026-08-21 02:14:00,Organic Search,Page View,/home,Treatment,0,
15250,Invalid Foreign Key: Order_ID,EV00015249,,SES00003813,2026-06-12 09:09:00,Organic Search,Purchase,/product,Control,1,O0015250
15740,Invalid Foreign Key: Customer_ID,EV00015739,C015740,SES00003935,2025-10-15 19:19:00,Organic Search,Page View,/home,Control,0,
15952,Invalid Foreign Key: Customer_ID,EV00015951,C015952,SES00003988,2026-05-15 15:51:00,Instagram,Product View,/product,Control,0,
16527,Invalid Foreign Key: Customer_ID,EV00016526,C016527,SES00004132,2025-12-11 14:26:00,Instagram,Product View,/cart,Treatment,0,
16949,Invalid Foreign Key: Customer_ID,EV00016948,C016949,SES00004238,2026-02-06 04:28:00,Referral,Page View,/checkout,Treatment,0,
17314,Invalid Foreign Key: Customer_ID,EV00017313,C017314,SES00004329,2026-02-06 09:33:00,Referral,Add to Cart,/checkout,Control,0,
17946,Invalid Foreign Key: Customer_ID,EV00017945,C017946,SES00004487,2025-10-31 17:05:00,Google Ads,Add to Cart,/cart,Control,0,
18101,Invalid Foreign Key: Customer_ID,EV00018100,C018101,SES00004526,2026-04-04 04:40:00,Google Ads,Add to Cart,/cart,Treatment,0,
18943,Invalid Foreign Key: Customer_ID,EV00018942,C018943,SES00004736,2026-07-25 06:42:00,Email,Checkout,/home,Treatment,0,
19675,Invalid Foreign Key: Customer_ID,EV00019674,C019675,SES00004919,2026-07-27 18:54:00,Organic Search,Checkout,/home,Treatment,0,
19940,Invalid Foreign Key: Customer_ID,EV00019939,C019940,SES00004985,2026-04-18 19:19:00,Organic Search,Page View,/home,Control,0,
20787,Invalid Foreign Key: Customer_ID,EV00020786,C000787,SES00005197,2026-08-13 02:26:00,Instagram,Product View,/cart,Treatment,0,
20997,Invalid Foreign Key: Customer_ID,EV00020996,C000997,SES00005250,2026-03-11 20:56:00,Instagram,Add to Cart,/cart,Treatment,0,
21994,Invalid Foreign Key: Customer_ID,EV00021993,C001994,SES00005499,2025-12-03 09:33:00,Referral,Product View,/home,Control,0,
22361,Invalid Foreign Key: Customer_ID,EV00022360,C002361,SES00005591,2025-12-05 16:40:00,Google Ads,Page View,/home,Treatment,0,
22991,Invalid Foreign Key: Customer_ID,EV00022990,C002991,SES00005748,2026-08-27 22:10:00,Google Ads,Product View,/product,Treatment,0,
23148,Invalid Foreign Key: Customer_ID,EV00023147,C003148,SES00005787,2026-01-31 11:47:00,Email,Page View,/cart,Control,0,
23935,Invalid Foreign Key: Customer_ID,EV00023934,C003935,SES00005984,2026-03-29 06:54:00,Organic Search,Checkout,/checkout,Treatment,0,
24722,Invalid Foreign Key: Customer_ID,EV00024721,C004722,SES00006181,2026-05-25 01:01:00,Instagram,Page View,/product,Control,0,
24985,Invalid Foreign Key: Customer_ID,EV00024984,C004985,SES00006247,2026-02-12 00:24:00,Organic Search,Checkout,/checkout,Treatment,0,
25508,Invalid Foreign Key: Order_ID,EV00025507,C005508,SES00006377,2026-07-20 19:07:00,Email,Purchase,/checkout,Control,1,O0025508
25509,Invalid Foreign Key: Customer_ID,EV00025508,C005509,SES00006378,2026-07-21 20:08:00,Referral,Page View,/checkout,Treatment,0,
25982,Invalid Foreign Key: Customer_ID,EV00025981,C005982,SES00006496,2025-11-06 13:01:00,Instagram,Add to Cart,/product,Control,0,
26296,Invalid Foreign Key: Customer_ID,EV00026295,C006296,SES00006574,2025-09-16 15:15:00,Google Ads,Product View,/product,Control,0,
26750,Invalid Foreign Key: Order_ID,EV00026749,C006750,SES00006688,2025-12-14 13:49:00,Organic Search,Purchase,/product,Control,1,O0026750
26979,Invalid Foreign Key: Customer_ID,EV00026978,C006979,SES00006745,2026-07-31 02:38:00,Referral,Product View,/product,Treatment,0,
27083,Invalid Foreign Key: Customer_ID,EV00027082,C007083,SES00006771,2025-11-12 10:22:00,Email,Product View,/checkout,Treatment,0,
27870,Invalid Foreign Key: Customer_ID,EV00027869,C007870,SES00006968,2026-01-08 05:29:00,Organic Search,Checkout,/product,Control,0,
27976,Invalid Foreign Key: Customer_ID,EV00027975,C007976,SES00006994,2026-04-24 15:15:00,Google Ads,Product View,/product,Control,0,
28613,Invalid Foreign Key: Order_ID,EV00028612,C008613,SES00007154,2026-01-21 04:52:00,Email,Purchase,/checkout,Treatment,1,O0028613
28657,Invalid Foreign Key: Customer_ID,EV00028656,C008657,SES00007165,2026-03-06 00:36:00,Instagram,Page View,/product,Treatment,0,
28973,Invalid Foreign Key: Customer_ID,EV00028972,C008973,SES00007244,2026-01-16 04:52:00,Email,Page View,/home,Treatment,0,
29444,Invalid Foreign Key: Customer_ID,EV00029443,C009444,SES00007361,2026-05-02 19:43:00,Referral,Product View,/product,Control,0,
29970,Invalid Foreign Key: Customer_ID,EV00029969,C009970,SES00007493,2025-10-10 17:29:00,Organic Search,Purchase,/checkout,Control,1,O0029970
30231,Invalid Foreign Key: Customer_ID,EV00030230,C010231,SES00007558,2026-06-28 14:50:00,Google Ads,Checkout,/home,Treatment,0,
30967,Invalid Foreign Key: Customer_ID,EV00030966,C010967,SES00007742,2026-07-04 06:06:00,Instagram,Product View,/product,Treatment,0,
31018,Invalid Foreign Key: Customer_ID,EV00031017,C011018,SES00007755,2026-08-24 09:57:00,Email,Add to Cart,/cart,Control,0,
31805,Invalid Foreign Key: Customer_ID,EV00031804,C011805,SES00007952,2025-10-20 04:04:00,Organic Search,Product View,/checkout,Treatment,0,
31964,Invalid Foreign Key: Customer_ID,EV00031963,C011964,SES00007991,2026-03-28 19:43:00,Referral,Product View,/product,Control,0,
32592,Invalid Foreign Key: Customer_ID,EV00032591,C012592,SES00008148,2025-12-16 23:11:00,Instagram,Purchase,/checkout,Control,1,O0032592
32960,Invalid Foreign Key: Order_ID,EV00032959,C012960,SES00008240,2025-12-19 07:19:00,Organic Search,Purchase,/checkout,Control,1,O0032960
32961,Invalid Foreign Key: Customer_ID,EV00032960,C012961,SES00008241,2025-12-20 08:20:00,Google Ads,Checkout,/cart,Treatment,0,
33379,Invalid Foreign Key: Customer_ID,EV00033378,C013379,SES00008345,2026-02-11 18:18:00,Referral,Page View,/checkout,Treatment,0,
33958,Invalid Foreign Key: Customer_ID,EV00033957,C013958,SES00008490,2025-09-13 21:57:00,Email,Product View,/product,Control,0,
34166,Invalid Foreign Key: Customer_ID,EV00034165,C014166,SES00008542,2026-04-09 13:25:00,Google Ads,Add to Cart,/product,Control,0,
34955,Invalid Foreign Key: Customer_ID,EV00034954,C014955,SES00008739,2026-06-07 10:34:00,Organic Search,Add to Cart,/checkout,Treatment,0,
35740,Invalid Foreign Key: Customer_ID,EV00035739,C015740,SES00008935,2026-08-01 03:39:00,Organic Search,Checkout,/home,Control,0,
35952,Invalid Foreign Key: Customer_ID,EV00035951,C015952,SES00008988,2026-03-01 23:11:00,Instagram,Page View,/home,Control,0,
36527,Invalid Foreign Key: Customer_ID,EV00036526,C016527,SES00009132,2025-09-27 22:46:00,Instagram,Product View,/home,Treatment,0,
36949,Invalid Foreign Key: Customer_ID,EV00036948,C016949,SES00009238,2025-11-23 12:48:00,Referral,Checkout,/cart,Treatment,0,
37314,Invalid Foreign Key: Customer_ID,EV00037313,C017314,SES00009329,2025-11-23 17:53:00,Referral,Product View,/product,Control,0,
37946,Invalid Foreign Key: Customer_ID,EV00037945,C017946,SES00009487,2026-08-17 01:25:00,Google Ads,Product View,/product,Control,0,
38101,Invalid Foreign Key: Customer_ID,EV00038100,C018101,SES00009526,2026-01-19 12:00:00,Google Ads,Add to Cart,/cart,Treatment,0,
38250,Invalid Foreign Key: Order_ID,EV00038249,C018250,SES00009563,2026-06-17 17:29:00,Organic Search,Purchase,/product,Control,1,O0038250
38888,Invalid Foreign Key: Customer_ID,EV00038887,C018888,SES00009722,2026-03-17 07:07:00,Email,Page View,/home,Control,0,
38943,Invalid Foreign Key: Customer_ID,EV00038942,C018943,SES00009736,2026-05-11 14:02:00,Email,Add to Cart,/home,Treatment,0,
39675,Invalid Foreign Key: Customer_ID,EV00039674,C019675,SES00009919,2026-05-13 02:14:00,Organic Search,Add to Cart,/product,Treatment,0,
39940,Invalid Foreign Key: Customer_ID,EV00039939,C019940,SES00009985,2026-02-02 03:39:00,Organic Search,Checkout,/cart,Control,0,
40787,Invalid Foreign Key: Customer_ID,EV00040786,C000787,SES00010197,2026-05-30 10:46:00,Instagram,Checkout,/product,Treatment,0,
40997,Invalid Foreign Key: Customer_ID,EV00040996,C000997,SES00010250,2025-12-26 04:16:00,Instagram,Page View,/cart,Treatment,0,
41574,Invalid Foreign Key: Customer_ID,EV00041573,C001574,SES00010394,2026-07-26 05:53:00,Referral,Product View,/product,Control,0,
41994,Invalid Foreign Key: Customer_ID,EV00041993,C001994,SES00010499,2025-09-19 17:53:00,Referral,Add to Cart,/product,Control,0,
42361,Invalid Foreign Key: Customer_ID,EV00042360,C002361,SES00010591,2025-09-21 00:00:00,Google Ads,Add to Cart,/checkout,Treatment,0,
42991,Invalid Foreign Key: Customer_ID,EV00042990,C002991,SES00010748,2026-06-13 06:30:00,Google Ads,Page View,/cart,Treatment,0,
43148,Invalid Foreign Key: Customer_ID,EV00043147,C003148,SES00010787,2025-11-17 19:07:00,Email,Checkout,/cart,Control,0,
43935,Invalid Foreign Key: Customer_ID,EV00043934,C003935,SES00010984,2026-01-13 14:14:00,Organic Search,Add to Cart,/home,Treatment,0,
43988,Invalid Foreign Key: Customer_ID,EV00043987,C003988,SES00010997,2026-03-07 19:07:00,Email,Checkout,/checkout,Control,0,
44722,Invalid Foreign Key: Customer_ID,EV00044721,C004722,SES00011181,2026-03-11 09:21:00,Instagram,Product View,/product,Control,0,
44985,Invalid Foreign Key: Customer_ID,EV00044984,C004985,SES00011247,2025-11-29 08:44:00,Organic Search,Checkout,/home,Treatment,0,
45509,Invalid Foreign Key: Customer_ID,EV00045508,C005509,SES00011378,2026-05-07 04:28:00,Referral,Product View,/cart,Treatment,0,
45982,Invalid Foreign Key: Customer_ID,EV00045981,C005982,SES00011496,2026-08-23 21:21:00,Instagram,Page View,/cart,Control,0,
46296,Invalid Foreign Key: Customer_ID,EV00046295,C006296,SES00011574,2026-07-03 23:35:00,Google Ads,Checkout,/product,Control,0,
46979,Invalid Foreign Key: Customer_ID,EV00046978,C006979,SES00011745,2026-05-17 10:58:00,Referral,Product View,/cart,Treatment,0,
47082,Invalid Foreign Key: Order_ID,EV00047081,C007082,SES00011771,2026-08-28 17:41:00,Instagram,Purchase,/home,Control,1,O0047082
47083,Invalid Foreign Key: Customer_ID,EV00047082,C007083,SES00011771,2026-08-29 18:42:00,Email,Checkout,/product,Treatment,0,
47870,Invalid Foreign Key: Customer_ID,EV00047869,C007870,SES00011968,2025-10-25 13:49:00,Organic Search,Page View,/checkout,Control,0,
47976,Invalid Foreign Key: Customer_ID,EV00047975,C007976,SES00011994,2026-02-08 23:35:00,Google Ads,Page View,/product,Control,0,
47979,Invalid Foreign Key: Order_ID,EV00047978,C007979,SES00011995,2026-02-11 02:38:00,Referral,Purchase,/cart,Treatment,1,O0047979
48657,Invalid Foreign Key: Customer_ID,EV00048656,C008657,SES00012165,2025-12-21 08:56:00,Instagram,Product View,/checkout,Treatment,0,
48973,Invalid Foreign Key: Customer_ID,EV00048972,C008973,SES00012244,2025-11-02 12:12:00,Email,Checkout,/checkout,Treatment,0,
49444,Invalid Foreign Key: Customer_ID,EV00049443,C009444,SES00012361,2026-02-16 03:03:00,Referral,Page View,/home,Control,0,
49750,Invalid Foreign Key: Order_ID,EV00049749,C009750,SES00012438,2025-12-19 21:09:00,Organic Search,Purchase,/home,Control,1,O0049750
49970,Invalid Foreign Key: Customer_ID,EV00049969,C009970,SES00012493,2026-07-27 01:49:00,Organic Search,Product View,/checkout,Control,0,
50231,Invalid Foreign Key: Customer_ID,EV00050230,C010231,SES00012558,2026-04-14 22:10:00,Google Ads,Checkout,/home,Treatment,0,
51805,Invalid Foreign Key: Customer_ID,EV00051804,C011805,SES00012952,2026-08-06 12:24:00,Organic Search,Page View,/home,Treatment,0,
51964,Invalid Foreign Key: Customer_ID,EV00051963,C011964,SES00012991,2026-01-12 03:03:00,Referral,Product View,/product,Control,0,
52592,Invalid Foreign Key: Customer_ID,EV00052591,C012592,SES00013148,2025-10-02 07:31:00,Instagram,Product View,/checkout,Control,0,
52961,Invalid Foreign Key: Customer_ID,EV00052960,C012961,SES00013241,2025-10-06 16:40:00,Google Ads,Page View,/checkout,Treatment,0,
53379,Invalid Foreign Key: Customer_ID,EV00053378,C013379,SES00013345,2025-11-28 02:38:00,Referral,Page View,/home,Treatment,0,
53958,Invalid Foreign Key: Customer_ID,EV00053957,C013958,SES00013490,2026-06-30 05:17:00,Email,Checkout,/checkout,Control,0,
54166,Invalid Foreign Key: Customer_ID,EV00054165,C014166,SES00013542,2026-01-24 21:45:00,Google Ads,Purchase,/cart,Control,1,O0054166
54953,Invalid Foreign Key: Customer_ID,EV00054952,C014953,SES00013739,2026-03-22 16:52:00,Email,Checkout,/checkout,Treatment,0,
54955,Invalid Foreign Key: Customer_ID,EV00054954,C014955,SES00013739,2026-03-24 18:54:00,Organic Search,Checkout,/cart,Treatment,0,
55740,Invalid Foreign Key: Customer_ID,EV00055739,C015740,SES00013935,2026-05-18 11:59:00,Organic Search,Product View,/checkout,Control,0,
55952,Invalid Foreign Key: Customer_ID,EV00055951,C015952,SES00013988,2025-12-16 07:31:00,Instagram,Page View,/product,Control,0,
56527,Invalid Foreign Key: Customer_ID,EV00056526,C016527,SES00014132,2026-07-14 06:06:00,Instagram,Add to Cart,/home,Treatment,0,
56627,Invalid Foreign Key: Order_ID,EV00056626,C016627,SES00014157,2025-10-22 10:46:00,Instagram,Purchase,/cart,Treatment,1,O0056627
56949,Invalid Foreign Key: Customer_ID,EV00056948,C016949,SES00014238,2025-09-09 20:08:00,Referral,Purchase,/home,Treatment,1,O0056949
57314,Invalid Foreign Key: Customer_ID,EV00057313,C017314,SES00014329,2025-09-09 01:13:00,Referral,Checkout,/checkout,Control,0,
57946,Invalid Foreign Key: Customer_ID,EV00057945,C017946,SES00014487,2026-06-03 09:45:00,Google Ads,Page View,/product,Control,0,
58101,Invalid Foreign Key: Customer_ID,EV00058100,C018101,SES00014526,2025-11-05 20:20:00,Google Ads,Checkout,/home,Treatment,0,
58888,Invalid Foreign Key: Customer_ID,EV00058887,C018888,SES00014722,2026-01-01 15:27:00,Email,Page View,/product,Control,0,
58943,Invalid Foreign Key: Customer_ID,EV00058942,C018943,SES00014736,2026-02-25 22:22:00,Email,Checkout,/cart,Treatment,0,
59675,Invalid Foreign Key: Customer_ID,EV00059674,C019675,SES00014919,2026-02-27 10:34:00,Organic Search,Add to Cart,/cart,Treatment,0,
59939,Invalid Foreign Key: Order_ID,EV00059938,C019939,SES00014985,2025-11-18 10:58:00,Referral,Purchase,/cart,Treatment,1,O0059939
59940,Invalid Foreign Key: Customer_ID,EV00059939,C019940,SES00014985,2025-11-19 11:59:00,Organic Search,Checkout,/home,Control,0,
60787,Invalid Foreign Key: Customer_ID,EV00060786,C000787,SES00015197,2026-03-16 18:06:00,Instagram,Checkout,/checkout,Treatment,0,
61250,Invalid Foreign Key: Order_ID,EV00061249,C001250,SES00015313,2026-06-22 01:49:00,Organic Search,Purchase,/checkout,Control,1,O0061250
61574,Invalid Foreign Key: Customer_ID,EV00061573,C001574,SES00015394,2026-05-12 13:13:00,Referral,Product View,/home,Control,0,
61994,Invalid Foreign Key: Customer_ID,EV00061993,C001994,SES00015499,2026-07-06 01:13:00,Referral,Add to Cart,/product,Control,0,
62361,Invalid Foreign Key: Customer_ID,EV00062360,C002361,SES00015591,2026-07-08 08:20:00,Google Ads,Checkout,/home,Treatment,0,
62991,Invalid Foreign Key: Customer_ID,EV00062990,C002991,SES00015748,2026-03-30 14:50:00,Google Ads,Page View,/product,Treatment,0,
63148,Invalid Foreign Key: Customer_ID,EV00063147,C003148,SES00015787,2025-09-03 03:27:00,Email,Product View,/home,Control,0,
63935,Invalid Foreign Key: Customer_ID,EV00063934,C003935,SES00015984,2025-10-30 22:34:00,Organic Search,Page View,/product,Treatment,0,
63987,Invalid Foreign Key: Order_ID,EV00063986,C003987,SES00015997,2025-12-21 02:26:00,Instagram,Purchase,/product,Treatment,1,O0063987
63988,Invalid Foreign Key: Customer_ID,EV00063987,C003988,SES00015997,2025-12-22 03:27:00,Email,Product View,/cart,Control,0,
64722,Invalid Foreign Key: Customer_ID,EV00064721,C004722,SES00016181,2025-12-26 17:41:00,Instagram,Page View,/checkout,Control,0,
64985,Invalid Foreign Key: Customer_ID,EV00064984,C004985,SES00016247,2025-09-15 16:04:00,Organic Search,Add to Cart,/checkout,Treatment,0,
65509,Invalid Foreign Key: Customer_ID,EV00065508,C005509,SES00016378,2026-02-21 12:48:00,Referral,Checkout,/product,Treatment,0,
65982,Invalid Foreign Key: Customer_ID,EV00065981,C005982,SES00016496,2026-06-09 05:41:00,Instagram,Page View,/checkout,Control,0,
66296,Invalid Foreign Key: Customer_ID,EV00066295,C006296,SES00016574,2026-04-19 07:55:00,Google Ads,Page View,/checkout,Control,0,
66979,Invalid Foreign Key: Customer_ID,EV00066978,C006979,SES00016745,2026-03-03 18:18:00,Referral,Product View,/checkout,Treatment,0,
67870,Invalid Foreign Key: Customer_ID,EV00067869,C007870,SES00016968,2026-08-11 21:09:00,Organic Search,Add to Cart,/home,Control,0,
67976,Invalid Foreign Key: Customer_ID,EV00067975,C007976,SES00016994,2025-11-25 07:55:00,Google Ads,Page View,/home,Control,0,
68656,Invalid Foreign Key: Order_ID,EV00068655,C008656,SES00017164,2025-10-06 15:15:00,Google Ads,Purchase,/checkout,Control,1,O0068656
68657,Invalid Foreign Key: Customer_ID,EV00068656,C008657,SES00017165,2025-10-07 16:16:00,Instagram,Page View,/product,Treatment,0,
68973,Invalid Foreign Key: Customer_ID,EV00068972,C008973,SES00017244,2026-08-19 20:32:00,Email,Checkout,/checkout,Treatment,0,
69444,Invalid Foreign Key: Customer_ID,EV00069443,C009444,SES00017361,2025-12-03 11:23:00,Referral,Product View,/checkout,Control,0,
69970,Invalid Foreign Key: Customer_ID,EV00069969,C009970,SES00017493,2026-05-13 09:09:00,Organic Search,Checkout,/cart,Control,0,
70231,Invalid Foreign Key: Customer_ID,EV00070230,C010231,SES00017558,2026-01-29 06:30:00,Google Ads,Add to Cart,/product,Treatment,0,
70967,Invalid Foreign Key: Customer_ID,EV00070966,C010967,SES00017742,2026-02-04 22:46:00,Instagram,Checkout,/checkout,Treatment,0,
71018,Invalid Foreign Key: Customer_ID,EV00071017,C011018,SES00017755,2026-03-27 01:37:00,Email,Page View,/cart,Control,0,
71805,Invalid Foreign Key: Customer_ID,EV00071804,C011805,SES00017952,2026-05-23 20:44:00,Organic Search,Checkout,/product,Treatment,0,
71964,Invalid Foreign Key: Customer_ID,EV00071963,C011964,SES00017991,2025-10-29 11:23:00,Referral,Page View,/cart,Control,0,
72592,Invalid Foreign Key: Customer_ID,EV00072591,C012592,SES00018148,2026-07-19 15:51:00,Instagram,Product View,/product,Control,0,
72750,Invalid Foreign Key: Order_ID,EV00072749,C012750,SES00018188,2025-12-24 05:29:00,Organic Search,Purchase,/checkout,Control,1,O0072750
72961,Invalid Foreign Key: Customer_ID,EV00072960,C012961,SES00018241,2026-07-23 00:00:00,Google Ads,Page View,/cart,Treatment,0,
73379,Invalid Foreign Key: Customer_ID,EV00073378,C013379,SES00018345,2025-09-14 10:58:00,Referral,Checkout,/cart,Treatment,0,
73958,Invalid Foreign Key: Customer_ID,EV00073957,C013958,SES00018490,2026-04-16 13:37:00,Email,Add to Cart,/product,Control,0,
74166,Invalid Foreign Key: Customer_ID,EV00074165,C014166,SES00018542,2025-11-10 05:05:00,Google Ads,Page View,/cart,Control,0,
74953,Invalid Foreign Key: Customer_ID,EV00074952,C014953,SES00018739,2026-01-06 00:12:00,Email,Checkout,/cart,Treatment,0,
74955,Invalid Foreign Key: Customer_ID,EV00074954,C014955,SES00018739,2026-01-08 02:14:00,Organic Search,Page View,/home,Treatment,0,
75740,Invalid Foreign Key: Customer_ID,EV00075739,C015740,SES00018935,2026-03-04 19:19:00,Organic Search,Purchase,/home,Control,1,O0075740
75952,Invalid Foreign Key: Customer_ID,EV00075951,C015952,SES00018988,2025-10-02 15:51:00,Instagram,Checkout,/home,Control,0,
76527,Invalid Foreign Key: Customer_ID,EV00076526,C016527,SES00019132,2026-04-30 14:26:00,Instagram,Page View,/checkout,Treatment,0,
76949,Invalid Foreign Key: Customer_ID,EV00076948,C016949,SES00019238,2026-06-26 04:28:00,Referral,Page View,/product,Treatment,0,
77314,Invalid Foreign Key: Customer_ID,EV00077313,C017314,SES00019329,2026-06-26 09:33:00,Referral,Checkout,/cart,Control,0,
78101,Invalid Foreign Key: Customer_ID,EV00078100,C018101,SES00019526,2026-08-22 04:40:00,Google Ads,Product View,/home,Treatment,0,
78888,Invalid Foreign Key: Customer_ID,EV00078887,C018888,SES00019722,2025-10-18 23:47:00,Email,Product View,/home,Control,0,
78943,Invalid Foreign Key: Customer_ID,EV00078942,C018943,SES00019736,2025-12-12 06:42:00,Email,Add to Cart,/product,Treatment,0,
79236,Invalid Foreign Key: Order_ID,EV00079235,C019236,SES00019809,2025-10-01 11:35:00,Google Ads,Purchase,/cart,Control,1,O0079236
79675,Invalid Foreign Key: Customer_ID,EV00079674,C019675,SES00019919,2025-12-14 18:54:00,Organic Search,Checkout,/home,Treatment,0,
79940,Invalid Foreign Key: Customer_ID,EV00079939,C019940,SES00019985,2025-09-05 19:19:00,Organic Search,Page View,/cart,Control,0,
80787,Invalid Foreign Key: Customer_ID,EV00080786,C000787,SES00020197,2025-12-31 02:26:00,Instagram,Add to Cart,/cart,Treatment,0,
80997,Invalid Foreign Key: Customer_ID,EV00080996,C000997,SES00020250,2026-07-29 20:56:00,Instagram,Page View,/cart,Treatment,0,
81574,Invalid Foreign Key: Customer_ID,EV00081573,C001574,SES00020394,2026-02-26 21:33:00,Referral,Page View,/cart,Control,0,
81994,Invalid Foreign Key: Customer_ID,EV00081993,C001994,SES00020499,2026-04-22 09:33:00,Referral,Checkout,/home,Control,0,
82361,Invalid Foreign Key: Customer_ID,EV00082360,C002361,SES00020591,2026-04-24 16:40:00,Google Ads,Checkout,/home,Treatment,0,
82991,Invalid Foreign Key: Customer_ID,EV00082990,C002991,SES00020748,2026-01-14 22:10:00,Google Ads,Checkout,/home,Treatment,0,
83935,Invalid Foreign Key: Customer_ID,EV00083934,C003935,SES00020984,2026-08-16 06:54:00,Organic Search,Page View,/checkout,Treatment,0,
83988,Invalid Foreign Key: Customer_ID,EV00083987,C003988,SES00020997,2025-10-08 11:47:00,Email,Add to Cart,/cart,Control,0,
84250,Invalid Foreign Key: Order_ID,EV00084249,C004250,SES00021063,2026-06-27 09:09:00,Organic Search,Purchase,/product,Control,1,O0084250
84722,Invalid Foreign Key: Customer_ID,EV00084721,C004722,SES00021181,2025-10-12 01:01:00,Instagram,Checkout,/checkout,Control,0,
84985,Invalid Foreign Key: Customer_ID,EV00084984,C004985,SES00021247,2026-07-02 00:24:00,Organic Search,Checkout,/cart,Treatment,0,
85509,Invalid Foreign Key: Customer_ID,EV00085508,C005509,SES00021378,2025-12-08 20:08:00,Referral,Add to Cart,/home,Treatment,0,
85982,Invalid Foreign Key: Customer_ID,EV00085981,C005982,SES00021496,2026-03-26 13:01:00,Instagram,Checkout,/checkout,Control,0,
86296,Invalid Foreign Key: Customer_ID,EV00086295,C006296,SES00021574,2026-02-03 15:15:00,Google Ads,Add to Cart,/cart,Control,0,
86979,Invalid Foreign Key: Customer_ID,EV00086978,C006979,SES00021745,2025-12-18 02:38:00,Referral,Add to Cart,/checkout,Treatment,0,
87083,Invalid Foreign Key: Customer_ID,EV00087082,C007083,SES00021771,2026-04-01 10:22:00,Email,Product View,/home,Treatment,0,
87870,Invalid Foreign Key: Customer_ID,EV00087869,C007870,SES00021968,2026-05-28 05:29:00,Organic Search,Add to Cart,/product,Control,0,
88657,Invalid Foreign Key: Customer_ID,EV00088656,C008657,SES00022165,2026-07-24 00:36:00,Instagram,Add to Cart,/home,Treatment,0,
88850,Invalid Foreign Key: Order_ID,EV00088849,C008850,SES00022213,2026-02-02 01:49:00,Organic Search,Purchase,/home,Control,1,O0088850
88973,Invalid Foreign Key: Customer_ID,EV00088972,C008973,SES00022244,2026-06-05 04:52:00,Email,Page View,/home,Treatment,0,
89444,Invalid Foreign Key: Customer_ID,EV00089443,C009444,SES00022361,2025-09-19 19:43:00,Referral,Add to Cart,/home,Control,0,
89970,Invalid Foreign Key: Customer_ID,EV00089969,C009970,SES00022493,2026-02-27 17:29:00,Organic Search,Add to Cart,/home,Control,0,
90230,Invalid Foreign Key: Order_ID,EV00090229,C010230,SES00022558,2025-11-14 13:49:00,Organic Search,Purchase,/checkout,Control,1,O0090230
90231,Invalid Foreign Key: Customer_ID,EV00090230,C010231,SES00022558,2025-11-15 14:50:00,Google Ads,Page View,/cart,Treatment,0,
90966,Invalid Foreign Key: Order_ID,EV00090965,C010966,SES00022742,2025-11-20 05:05:00,Google Ads,Purchase,/product,Control,1,O0090966
90967,Invalid Foreign Key: Customer_ID,EV00090966,C010967,SES00022742,2025-11-21 06:06:00,Instagram,Add to Cart,/home,Treatment,0,
91018,Invalid Foreign Key: Customer_ID,EV00091017,C011018,SES00022755,2026-01-11 09:57:00,Email,Page View,/product,Control,0,
91805,Invalid Foreign Key: Customer_ID,EV00091804,C011805,SES00022952,2026-03-09 04:04:00,Organic Search,Product View,/home,Treatment,0,
91964,Invalid Foreign Key: Customer_ID,EV00091963,C011964,SES00022991,2026-08-15 19:43:00,Referral,Checkout,/home,Control,0,
92592,Invalid Foreign Key: Customer_ID,EV00092591,C012592,SES00023148,2026-05-05 23:11:00,Instagram,Add to Cart,/product,Control,0,
92961,Invalid Foreign Key: Customer_ID,EV00092960,C012961,SES00023241,2026-05-09 08:20:00,Google Ads,Add to Cart,/cart,Treatment,0,
93379,Invalid Foreign Key: Customer_ID,EV00093378,C013379,SES00023345,2026-07-01 18:18:00,Referral,Add to Cart,/checkout,Treatment,0,
93958,Invalid Foreign Key: Customer_ID,EV00093957,C013958,SES00023490,2026-01-31 21:57:00,Email,Product View,/cart,Control,0,
94166,Invalid Foreign Key: Customer_ID,EV00094165,C014166,SES00023542,2026-08-27 13:25:00,Google Ads,Page View,/home,Control,0,
94953,Invalid Foreign Key: Customer_ID,EV00094952,C014953,SES00023739,2025-10-23 08:32:00,Email,Product View,/home,Treatment,0,
94955,Invalid Foreign Key: Customer_ID,EV00094954,C014955,SES00023739,2025-10-25 10:34:00,Organic Search,Product View,/product,Treatment,0,
95740,Invalid Foreign Key: Customer_ID,EV00095739,C015740,SES00023935,2025-12-19 03:39:00,Organic Search,Checkout,/home,Control,0,
95750,Invalid Foreign Key: Order_ID,EV00095749,C015750,SES00023938,2025-12-29 13:49:00,Organic Search,Purchase,/cart,Control,1,O0095750
95952,Invalid Foreign Key: Customer_ID,EV00095951,C015952,SES00023988,2026-07-19 23:11:00,Instagram,Page View,/checkout,Control,0,
96949,Invalid Foreign Key: Customer_ID,EV00096948,C016949,SES00024238,2026-04-12 12:48:00,Referral,Product View,/cart,Treatment,0,
97314,Invalid Foreign Key: Customer_ID,EV00097313,C017314,SES00024329,2026-04-12 17:53:00,Referral,Purchase,/home,Control,1,O0097314
97946,Invalid Foreign Key: Customer_ID,EV00097945,C017946,SES00024487,2026-01-04 01:25:00,Google Ads,Page View,/home,Control,0,
98101,Invalid Foreign Key: Customer_ID,EV00098100,C018101,SES00024526,2026-06-08 12:00:00,Google Ads,Product View,/cart,Treatment,0,
98888,Invalid Foreign Key: Customer_ID,EV00098887,C018888,SES00024722,2026-08-04 07:07:00,Email,Product View,/product,Control,0,
98943,Invalid Foreign Key: Customer_ID,EV00098942,C018943,SES00024736,2025-09-28 14:02:00,Email,Page View,/cart,Treatment,0,
99675,Invalid Foreign Key: Customer_ID,EV00099674,C019675,SES00024919,2025-09-30 02:14:00,Organic Search,Add to Cart,/product,Treatment,0,
99940,Invalid Foreign Key: Customer_ID,EV00099939,C019940,SES00024985,2026-06-22 03:39:00,Organic Search,Page View,/cart,Control,0,
100787,Invalid Foreign Key: Customer_ID,EV00100786,C000787,SES00025197,2025-10-17 10:46:00,Instagram,Purchase,/home,Treatment,1,O0000787
100997,Invalid Foreign Key: Customer_ID,EV00100996,C000997,SES00025250,2026-05-15 04:16:00,Instagram,Page View,/home,Treatment,0,
101574,Invalid Foreign Key: Customer_ID,EV00101573,C001574,SES00025394,2025-12-13 05:53:00,Referral,Checkout,/home,Control,0,
101994,Invalid Foreign Key: Customer_ID,EV00101993,C001994,SES00025499,2026-02-06 17:53:00,Referral,Product View,/product,Control,0,
102361,Invalid Foreign Key: Customer_ID,EV00102360,C002361,SES00025591,2026-02-08 00:00:00,Google Ads,Page View,/cart,Treatment,0,
102991,Invalid Foreign Key: Customer_ID,EV00102990,C002991,SES00025748,2025-10-31 06:30:00,Google Ads,Product View,/home,Treatment,0,
103148,Invalid Foreign Key: Customer_ID,EV00103147,C003148,SES00025787,2026-04-06 19:07:00,Email,Add to Cart,/home,Control,0,
103935,Invalid Foreign Key: Customer_ID,EV00103934,C003935,SES00025984,2026-06-02 14:14:00,Organic Search,Add to Cart,/checkout,Treatment,0,
103988,Invalid Foreign Key: Customer_ID,EV00103987,C003988,SES00025997,2026-07-25 19:07:00,Email,Add to Cart,/home,Control,0,
104722,Invalid Foreign Key: Customer_ID,EV00104721,C004722,SES00026181,2026-07-29 09:21:00,Instagram,Product View,/checkout,Control,0,
104985,Invalid Foreign Key: Customer_ID,EV00104984,C004985,SES00026247,2026-04-18 08:44:00,Organic Search,Checkout,/checkout,Treatment,0,
105509,Invalid Foreign Key: Customer_ID,EV00105508,C005509,SES00026378,2025-09-24 04:28:00,Referral,Page View,/product,Treatment,0,
105982,Invalid Foreign Key: Customer_ID,EV00105981,C005982,SES00026496,2026-01-10 21:21:00,Instagram,Product View,/product,Control,0,
106296,Invalid Foreign Key: Customer_ID,EV00106295,C006296,SES00026574,2025-11-20 23:35:00,Google Ads,Page View,/home,Control,0,
106979,Invalid Foreign Key: Customer_ID,EV00106978,C006979,SES00026745,2025-10-04 10:58:00,Referral,Checkout,/product,Treatment,0,
107083,Invalid Foreign Key: Customer_ID,EV00107082,C007083,SES00026771,2026-01-16 18:42:00,Email,Add to Cart,/product,Treatment,0,
107250,Invalid Foreign Key: Order_ID,EV00107249,C007250,SES00026813,2026-07-02 17:29:00,Organic Search,Purchase,/cart,Control,1,O0007250
107870,Invalid Foreign Key: Customer_ID,EV00107869,C007870,SES00026968,2026-03-14 13:49:00,Organic Search,Page View,/cart,Control,0,
107976,Invalid Foreign Key: Customer_ID,EV00107975,C007976,SES00026994,2026-06-28 23:35:00,Google Ads,Checkout,/home,Control,0,
108657,Invalid Foreign Key: Customer_ID,EV00108656,C008657,SES00027165,2026-05-10 08:56:00,Instagram,Page View,/cart,Treatment,0,
108973,Invalid Foreign Key: Customer_ID,EV00108972,C008973,SES00027244,2026-03-22 12:12:00,Email,Product View,/home,Treatment,0,
109444,Invalid Foreign Key: Customer_ID,EV00109443,C009444,SES00027361,2026-07-06 03:03:00,Referral,Page View,/product,Control,0,
109970,Invalid Foreign Key: Customer_ID,EV00109969,C009970,SES00027493,2025-12-14 01:49:00,Organic Search,Product View,/checkout,Control,0,
110231,Invalid Foreign Key: Customer_ID,EV00110230,C010231,SES00027558,2025-09-01 22:10:00,Google Ads,Product View,/checkout,Treatment,0,
110967,Invalid Foreign Key: Customer_ID,EV00110966,C010967,SES00027742,2025-09-07 14:26:00,Instagram,Checkout,/product,Treatment,0,
111018,Invalid Foreign Key: Customer_ID,EV00111017,C011018,SES00027755,2025-10-28 17:17:00,Email,Checkout,/product,Control,0,
111804,Invalid Foreign Key: Order_ID,EV00111803,C011804,SES00027951,2025-12-23 11:23:00,Referral,Purchase,/checkout,Control,1,O0011804
111805,Invalid Foreign Key: Customer_ID,EV00111804,C011805,SES00027952,2025-12-24 12:24:00,Organic Search,Page View,/cart,Treatment,0,
111964,Invalid Foreign Key: Customer_ID,EV00111963,C011964,SES00027991,2026-06-01 03:03:00,Referral,Add to Cart,/cart,Control,0,
112961,Invalid Foreign Key: Customer_ID,EV00112960,C012961,SES00028241,2026-02-23 16:40:00,Google Ads,Add to Cart,/home,Treatment,0,
113379,Invalid Foreign Key: Customer_ID,EV00113378,C013379,SES00028345,2026-04-17 02:38:00,Referral,Product View,/home,Treatment,0,
113958,Invalid Foreign Key: Customer_ID,EV00113957,C013958,SES00028490,2025-11-17 05:17:00,Email,Product View,/product,Control,0,
114166,Invalid Foreign Key: Customer_ID,EV00114165,C014166,SES00028542,2026-06-13 21:45:00,Google Ads,Page View,/product,Control,0,
114953,Invalid Foreign Key: Customer_ID,EV00114952,C014953,SES00028739,2026-08-09 16:52:00,Email,Product View,/cart,Treatment,0,
115740,Invalid Foreign Key: Customer_ID,EV00115739,C015740,SES00028935,2025-10-05 11:59:00,Organic Search,Add to Cart,/checkout,Control,0,
115952,Invalid Foreign Key: Customer_ID,EV00115951,C015952,SES00028988,2026-05-05 07:31:00,Instagram,Checkout,/home,Control,0,
116527,Invalid Foreign Key: Customer_ID,EV00116526,C016527,SES00029132,2025-12-01 06:06:00,Instagram,Product View,/product,Treatment,0,
116949,Invalid Foreign Key: Customer_ID,EV00116948,C016949,SES00029238,2026-01-27 20:08:00,Referral,Add to Cart,/checkout,Treatment,0,
117314,Invalid Foreign Key: Customer_ID,EV00117313,C017314,SES00029329,2026-01-27 01:13:00,Referral,Page View,/home,Control,0,
117945,Invalid Foreign Key: Order_ID,EV00117944,C017945,SES00029487,2025-10-20 08:44:00,Organic Search,Purchase,/home,Treatment,1,O0017945
117946,Invalid Foreign Key: Customer_ID,EV00117945,C017946,SES00029487,2025-10-21 09:45:00,Google Ads,Product View,/cart,Control,0,
118101,Invalid Foreign Key: Customer_ID,EV00118100,C018101,SES00029526,2026-03-25 20:20:00,Google Ads,Product View,/checkout,Treatment,0,
118750,Invalid Foreign Key: Order_ID,EV00118749,C018750,SES00029688,2026-01-03 21:09:00,Organic Search,Purchase,/home,Control,1,O0018750
118888,Invalid Foreign Key: Customer_ID,EV00118887,C018888,SES00029722,2026-05-21 15:27:00,Email,Purchase,/home,Control,1,O0018888
118943,Invalid Foreign Key: Customer_ID,EV00118942,C018943,SES00029736,2026-07-15 22:22:00,Email,Checkout,/home,Treatment,0,
119675,Invalid Foreign Key: Customer_ID,EV00119674,C019675,SES00029919,2026-07-17 10:34:00,Organic Search,Add to Cart,/checkout,Treatment,0,
119940,Invalid Foreign Key: Customer_ID,EV00119939,C019940,SES00029985,2026-04-08 11:59:00,Organic Search,Product View,/cart,Control,0,
120787,Invalid Foreign Key: Customer_ID,EV00120786,C000787,SES00030197,2026-08-03 18:06:00,Instagram,Checkout,/home,Treatment,0,
120997,Invalid Foreign Key: Customer_ID,EV00120996,C000997,SES00030250,2026-03-01 12:36:00,Instagram,Checkout,/home,Treatment,0,
121574,Invalid Foreign Key: Customer_ID,EV00121573,C001574,SES00030394,2025-09-29 13:13:00,Referral,Product View,/cart,Control,0,
121993,Invalid Foreign Key: Order_ID,EV00121992,,SES00030499,2025-11-22 00:12:00,Email,Purchase,/product,Treatment,1,O0021993
121994,Invalid Foreign Key: Customer_ID,EV00121993,C001994,SES00030499,2025-11-23 01:13:00,Referral,Page View,/checkout,Control,0,
122361,Invalid Foreign Key: Customer_ID,EV00122360,C002361,SES00030591,2025-11-25 08:20:00,Google Ads,Purchase,/cart,Treatment,1,O0022361
122991,Invalid Foreign Key: Customer_ID,EV00122990,C002991,SES00030748,2026-08-17 14:50:00,Google Ads,Checkout,/cart,Treatment,0,
123148,Invalid Foreign Key: Customer_ID,EV00123147,C003148,SES00030787,2026-01-21 03:27:00,Email,Checkout,/cart,Control,0,
123935,Invalid Foreign Key: Customer_ID,EV00123934,C003935,SES00030984,2026-03-19 22:34:00,Organic Search,Product View,/cart,Treatment,0,
123988,Invalid Foreign Key: Customer_ID,EV00123987,C003988,SES00030997,2026-05-11 03:27:00,Email,Page View,/cart,Control,0,
124722,Invalid Foreign Key: Customer_ID,EV00124721,C004722,SES00031181,2026-05-15 17:41:00,Instagram,Checkout,/product,Control,0,
125509,Invalid Foreign Key: Customer_ID,EV00125508,C005509,SES00031378,2026-07-11 12:48:00,Referral,Checkout,/checkout,Treatment,0,
125982,Invalid Foreign Key: Customer_ID,EV00125981,C005982,SES00031496,2025-10-27 05:41:00,Instagram,Page View,/product,Control,0,
126296,Invalid Foreign Key: Customer_ID,EV00126295,C006296,SES00031574,2025-09-06 07:55:00,Google Ads,Checkout,/cart,Control,0,
126979,Invalid Foreign Key: Customer_ID,EV00126978,C006979,SES00031745,2026-07-21 18:18:00,Referral,Checkout,/cart,Treatment,0,
127083,Invalid Foreign Key: Customer_ID,EV00127082,C007083,SES00031771,2025-11-02 02:02:00,Email,Add to Cart,/cart,Treatment,0,
127870,Invalid Foreign Key: Customer_ID,EV00127869,C007870,SES00031968,2025-12-29 21:09:00,Organic Search,Product View,/home,Control,0,
127976,Invalid Foreign Key: Customer_ID,EV00127975,C007976,SES00031994,2026-04-14 07:55:00,Google Ads,Add to Cart,/product,Control,0,
128973,Invalid Foreign Key: Customer_ID,EV00128972,C008973,SES00032244,2026-01-06 20:32:00,Email,Checkout,/cart,Treatment,0,
129444,Invalid Foreign Key: Customer_ID,EV00129443,C009444,SES00032361,2026-04-22 11:23:00,Referral,Checkout,/product,Control,0,
129970,Invalid Foreign Key: Customer_ID,EV00129969,C009970,SES00032493,2025-09-30 09:09:00,Organic Search,Page View,/checkout,Control,0,
130231,Invalid Foreign Key: Customer_ID,EV00130230,C010231,SES00032558,2026-06-18 06:30:00,Google Ads,Checkout,/product,Treatment,0,
130250,Invalid Foreign Key: Order_ID,EV00130249,C010250,SES00032563,2026-07-07 01:49:00,Organic Search,Purchase,/checkout,Control,1,O0030250
130967,Invalid Foreign Key: Customer_ID,EV00130966,C010967,SES00032742,2026-06-24 22:46:00,Instagram,Add to Cart,/home,Treatment,0,
131018,Invalid Foreign Key: Customer_ID,EV00131017,C011018,SES00032755,2026-08-14 01:37:00,Email,Product View,/cart,Control,0,
131805,Invalid Foreign Key: Customer_ID,EV00131804,C011805,SES00032952,2025-10-10 20:44:00,Organic Search,Add to Cart,/home,Treatment,0,
131964,Invalid Foreign Key: Customer_ID,EV00131963,C011964,SES00032991,2026-03-18 11:23:00,Referral,Add to Cart,/home,Control,0,
132592,Invalid Foreign Key: Customer_ID,EV00132591,C012592,SES00033148,2025-12-06 15:51:00,Instagram,Checkout,/checkout,Control,0,
132961,Invalid Foreign Key: Customer_ID,EV00132960,C012961,SES00033241,2025-12-10 00:00:00,Google Ads,Checkout,/checkout,Treatment,0,
133378,Invalid Foreign Key: Order_ID,EV00133377,C013378,SES00033345,2026-01-31 09:57:00,Email,Purchase,/checkout,Control,1,O0033378
133379,Invalid Foreign Key: Customer_ID,EV00133378,C013379,SES00033345,2026-02-01 10:58:00,Referral,Product View,/product,Treatment,0,
133958,Invalid Foreign Key: Customer_ID,EV00133957,C013958,SES00033490,2025-09-03 13:37:00,Email,Page View,/product,Control,0,
134166,Invalid Foreign Key: Customer_ID,EV00134165,C014166,SES00033542,2026-03-30 05:05:00,Google Ads,Checkout,/checkout,Control,0,
134953,Invalid Foreign Key: Customer_ID,EV00134952,C014953,SES00033739,2026-05-26 00:12:00,Email,Product View,/cart,Treatment,0,
134955,Invalid Foreign Key: Customer_ID,EV00134954,C014955,SES00033739,2026-05-28 02:14:00,Organic Search,Checkout,/product,Treatment,0,
135540,Invalid Foreign Key: Order_ID,EV00135539,C015540,SES00033885,2026-01-03 11:59:00,Organic Search,Purchase,/product,Control,1,O0035540
135740,Invalid Foreign Key: Customer_ID,EV00135739,C015740,SES00033935,2026-07-22 19:19:00,Organic Search,Product View,/cart,Control,0,
135952,Invalid Foreign Key: Customer_ID,EV00135951,C015952,SES00033988,2026-02-19 15:51:00,Instagram,Page View,/checkout,Control,0,
136527,Invalid Foreign Key: Customer_ID,EV00136526,C016527,SES00034132,2025-09-17 14:26:00,Instagram,Page View,/checkout,Treatment,0,
136949,Invalid Foreign Key: Customer_ID,EV00136948,C016949,SES00034238,2025-11-13 04:28:00,Referral,Checkout,/checkout,Treatment,0,
137314,Invalid Foreign Key: Customer_ID,EV00137313,C017314,SES00034329,2025-11-13 09:33:00,Referral,Page View,/product,Control,0,
137946,Invalid Foreign Key: Customer_ID,EV00137945,C017946,SES00034487,2026-08-07 17:05:00,Google Ads,Product View,/product,Control,0,
138101,Invalid Foreign Key: Customer_ID,EV00138100,C018101,SES00034526,2026-01-09 04:40:00,Google Ads,Product View,/checkout,Treatment,0,
138888,Invalid Foreign Key: Customer_ID,EV00138887,C018888,SES00034722,2026-03-07 23:47:00,Email,Page View,/cart,Control,0,
138943,Invalid Foreign Key: Customer_ID,EV00138942,C018943,SES00034736,2026-05-01 06:42:00,Email,Add to Cart,/checkout,Treatment,0,
139675,Invalid Foreign Key: Customer_ID,EV00139674,C019675,SES00034919,2026-05-03 18:54:00,Organic Search,Add to Cart,/checkout,Treatment,0,
139940,Invalid Foreign Key: Customer_ID,EV00139939,C019940,SES00034985,2026-01-23 19:19:00,Organic Search,Checkout,/cart,Control,0,
140787,Invalid Foreign Key: Customer_ID,EV00140786,C000787,SES00035197,2026-05-20 02:26:00,Instagram,Product View,/product,Treatment,0,
140997,Invalid Foreign Key: Customer_ID,EV00140996,C000997,SES00035250,2025-12-16 20:56:00,Instagram,Page View,/product,Treatment,0,
141574,Invalid Foreign Key: Customer_ID,EV00141573,C001574,SES00035394,2026-07-16 21:33:00,Referral,Checkout,/checkout,Control,0,
141750,Invalid Foreign Key: Order_ID,EV00141749,C001750,SES00035438,2026-01-08 05:29:00,Organic Search,Purchase,/checkout,Control,1,O0041750
141819,Invalid Foreign Key: Order_ID,EV00141818,C001819,SES00035455,2026-03-18 02:38:00,Referral,Purchase,/checkout,Treatment,1,O0041819
141994,Invalid Foreign Key: Customer_ID,EV00141993,C001994,SES00035499,2025-09-09 09:33:00,Referral,Add to Cart,/checkout,Control,0,
142361,Invalid Foreign Key: Customer_ID,EV00142360,C002361,SES00035591,2025-09-11 16:40:00,Google Ads,Page View,/checkout,Treatment,0,
142991,Invalid Foreign Key: Customer_ID,EV00142990,C002991,SES00035748,2026-06-03 22:10:00,Google Ads,Page View,/cart,Treatment,0,
143148,Invalid Foreign Key: Customer_ID,EV00143147,C003148,SES00035787,2025-11-07 11:47:00,Email,Page View,/product,Control,0,
143935,Invalid Foreign Key: Customer_ID,EV00143934,C003935,SES00035984,2026-01-03 06:54:00,Organic Search,Purchase,/cart,Treatment,1,O0043935
143988,Invalid Foreign Key: Customer_ID,EV00143987,C003988,SES00035997,2026-02-25 11:47:00,Email,Page View,/product,Control,0,
144985,Invalid Foreign Key: Customer_ID,EV00144984,C004985,SES00036247,2025-11-19 00:24:00,Organic Search,Checkout,/checkout,Treatment,0,
145509,Invalid Foreign Key: Customer_ID,EV00145508,C005509,SES00036378,2026-04-27 20:08:00,Referral,Product View,/product,Treatment,0,
145982,Invalid Foreign Key: Customer_ID,EV00145981,C005982,SES00036496,2026-08-13 13:01:00,Instagram,Purchase,/home,Control,1,O0045982
146296,Invalid Foreign Key: Customer_ID,EV00146295,C006296,SES00036574,2026-06-23 15:15:00,Google Ads,Add to Cart,/product,Control,0,
146979,Invalid Foreign Key: Customer_ID,EV00146978,C006979,SES00036745,2026-05-07 02:38:00,Referral,Product View,/checkout,Treatment,0,
147083,Invalid Foreign Key: Customer_ID,EV00147082,C007083,SES00036771,2026-08-19 10:22:00,Email,Checkout,/product,Treatment,0,
147870,Invalid Foreign Key: Customer_ID,EV00147869,C007870,SES00036968,2025-10-15 05:29:00,Organic Search,Page View,/cart,Control,0,
147976,Invalid Foreign Key: Customer_ID,EV00147975,C007976,SES00036994,2026-01-29 15:15:00,Google Ads,Page View,/checkout,Control,0,
148657,Invalid Foreign Key: Customer_ID,EV00148656,C008657,SES00037165,2025-12-11 00:36:00,Instagram,Page View,/cart,Treatment,0,
148972,Invalid Foreign Key: Order_ID,EV00148971,,SES00037243,2025-10-22 03:51:00,Instagram,Purchase,/checkout,Control,1,O0048972
148973,Invalid Foreign Key: Customer_ID,EV00148972,C008973,SES00037244,2025-10-23 04:52:00,Email,Product View,/checkout,Treatment,0,
149444,Invalid Foreign Key: Customer_ID,EV00149443,C009444,SES00037361,2026-02-06 19:43:00,Referral,Add to Cart,/cart,Control,0,
149970,Invalid Foreign Key: Customer_ID,EV00149969,C009970,SES00037493,2026-07-17 17:29:00,Organic Search,Checkout,/cart,Control,0,
150231,Invalid Foreign Key: Customer_ID,EV00150230,C010231,SES00037558,2026-04-04 14:50:00,Google Ads,Product View,/home,Treatment,0,
150967,Invalid Foreign Key: Customer_ID,EV00150966,C010967,SES00037742,2026-04-10 06:06:00,Instagram,Checkout,/cart,Treatment,0,
151018,Invalid Foreign Key: Customer_ID,EV00151017,C011018,SES00037755,2026-05-31 09:57:00,Email,Add to Cart,/cart,Control,0,
151805,Invalid Foreign Key: Customer_ID,EV00151804,C011805,SES00037952,2026-07-27 04:04:00,Organic Search,Checkout,/cart,Treatment,0,
152592,Invalid Foreign Key: Customer_ID,EV00152591,C012592,SES00038148,2025-09-22 23:11:00,Instagram,Add to Cart,/checkout,Control,0,
152961,Invalid Foreign Key: Customer_ID,EV00152960,C012961,SES00038241,2025-09-26 08:20:00,Google Ads,Product View,/cart,Treatment,0,
153250,Invalid Foreign Key: Order_ID,EV00153249,C013250,SES00038313,2026-07-12 09:09:00,Organic Search,Purchase,/cart,Control,1,O0053250
153296,Invalid Foreign Key: Order_ID,EV00153295,C013296,SES00038324,2026-08-27 07:55:00,Google Ads,Purchase,/checkout,Control,1,O0053296
153379,Invalid Foreign Key: Customer_ID,EV00153378,C013379,SES00038345,2025-11-18 18:18:00,Referral,Checkout,/product,Treatment,0,
153958,Invalid Foreign Key: Customer_ID,EV00153957,C013958,SES00038490,2026-06-20 21:57:00,Email,Checkout,/checkout,Control,0,
154166,Invalid Foreign Key: Customer_ID,EV00154165,C014166,SES00038542,2026-01-14 13:25:00,Google Ads,Add to Cart,/checkout,Control,0,
154952,Invalid Foreign Key: Order_ID,EV00154951,C014952,SES00038738,2026-03-11 07:31:00,Instagram,Purchase,/checkout,Control,1,O0054952
154953,Invalid Foreign Key: Customer_ID,EV00154952,C014953,SES00038739,2026-03-12 08:32:00,Email,Add to Cart,/checkout,Treatment,0,
154955,Invalid Foreign Key: Customer_ID,EV00154954,C014955,SES00038739,2026-03-14 10:34:00,Organic Search,Page View,/product,Treatment,0,
155740,Invalid Foreign Key: Customer_ID,EV00155739,C015740,SES00038935,2026-05-08 03:39:00,Organic Search,Product View,/product,Control,0,
155952,Invalid Foreign Key: Customer_ID,EV00155951,C015952,SES00038988,2025-12-06 23:11:00,Instagram,Page View,/checkout,Control,0,
156527,Invalid Foreign Key: Customer_ID,EV00156526,C016527,SES00039132,2026-07-04 22:46:00,Instagram,Add to Cart,/checkout,Treatment,0,
156949,Invalid Foreign Key: Customer_ID,EV00156948,C016949,SES00039238,2026-08-30 12:48:00,Referral,Checkout,/product,Treatment,0,
157314,Invalid Foreign Key: Customer_ID,EV00157313,C017314,SES00039329,2026-08-30 17:53:00,Referral,Add to Cart,/cart,Control,0,
157946,Invalid Foreign Key: Customer_ID,EV00157945,C017946,SES00039487,2026-05-24 01:25:00,Google Ads,Product View,/product,Control,0,
158888,Invalid Foreign Key: Customer_ID,EV00158887,C018888,SES00039722,2025-12-22 07:07:00,Email,Checkout,/home,Control,0,
158943,Invalid Foreign Key: Customer_ID,EV00158942,C018943,SES00039736,2026-02-15 14:02:00,Email,Page View,/cart,Treatment,0,
159675,Invalid Foreign Key: Customer_ID,EV00159674,C019675,SES00039919,2026-02-17 02:14:00,Organic Search,Add to Cart,/checkout,Treatment,0,
159940,Invalid Foreign Key: Customer_ID,EV00159939,C019940,SES00039985,2025-11-09 03:39:00,Organic Search,Add to Cart,/product,Control,0,
160997,Invalid Foreign Key: Customer_ID,EV00160996,C000997,SES00040250,2025-10-02 04:16:00,Instagram,Product View,/checkout,Treatment,0,
161574,Invalid Foreign Key: Customer_ID,EV00161573,C001574,SES00040394,2026-05-02 05:53:00,Referral,Add to Cart,/checkout,Control,0,
162361,Invalid Foreign Key: Customer_ID,EV00162360,C002361,SES00040591,2026-06-28 00:00:00,Google Ads,Product View,/cart,Treatment,0,
162991,Invalid Foreign Key: Customer_ID,EV00162990,C002991,SES00040748,2026-03-20 06:30:00,Google Ads,Checkout,/checkout,Treatment,0,
163148,Invalid Foreign Key: Customer_ID,EV00163147,C003148,SES00040787,2026-08-24 19:07:00,Email,Checkout,/product,Control,0,
163935,Invalid Foreign Key: Customer_ID,EV00163934,C003935,SES00040984,2025-10-20 14:14:00,Organic Search,Page View,/home,Treatment,0,
163988,Invalid Foreign Key: Customer_ID,EV00163987,C003988,SES00040997,2025-12-12 19:07:00,Email,Add to Cart,/cart,Control,0,
164722,Invalid Foreign Key: Customer_ID,EV00164721,C004722,SES00041181,2025-12-16 09:21:00,Instagram,Checkout,/home,Control,0,
164750,Invalid Foreign Key: Order_ID,EV00164749,C004750,SES00041188,2026-01-13 13:49:00,Organic Search,Purchase,/product,Control,1,O0064750
164985,Invalid Foreign Key: Customer_ID,EV00164984,C004985,SES00041247,2025-09-05 08:44:00,Organic Search,Add to Cart,/home,Treatment,0,
165509,Invalid Foreign Key: Customer_ID,EV00165508,C005509,SES00041378,2026-02-11 04:28:00,Referral,Purchase,/cart,Treatment,1,O0065509
165982,Invalid Foreign Key: Customer_ID,EV00165981,C005982,SES00041496,2026-05-30 21:21:00,Instagram,Checkout,/cart,Control,0,
166296,Invalid Foreign Key: Customer_ID,EV00166295,C006296,SES00041574,2026-04-09 23:35:00,Google Ads,Page View,/cart,Control,0,
166979,Invalid Foreign Key: Customer_ID,EV00166978,C006979,SES00041745,2026-02-21 10:58:00,Referral,Checkout,/product,Treatment,0,
167083,Invalid Foreign Key: Customer_ID,EV00167082,C007083,SES00041771,2026-06-05 18:42:00,Email,Page View,/product,Treatment,0,
167870,Invalid Foreign Key: Customer_ID,EV00167869,C007870,SES00041968,2026-08-01 13:49:00,Organic Search,Product View,/home,Control,0,
167976,Invalid Foreign Key: Customer_ID,EV00167975,C007976,SES00041994,2025-11-15 23:35:00,Google Ads,Page View,/product,Control,0,
168657,Invalid Foreign Key: Customer_ID,EV00168656,C008657,SES00042165,2025-09-27 08:56:00,Instagram,Checkout,/cart,Treatment,0,
168973,Invalid Foreign Key: Customer_ID,EV00168972,C008973,SES00042244,2026-08-09 12:12:00,Email,Checkout,/home,Treatment,0,
169444,Invalid Foreign Key: Customer_ID,EV00169443,C009444,SES00042361,2025-11-23 03:03:00,Referral,Add to Cart,/home,Control,0,
169970,Invalid Foreign Key: Customer_ID,EV00169969,C009970,SES00042493,2026-05-03 01:49:00,Organic Search,Checkout,/product,Control,0,
170231,Invalid Foreign Key: Customer_ID,EV00170230,C010231,SES00042558,2026-01-19 22:10:00,Google Ads,Add to Cart,/home,Treatment,0,
170967,Invalid Foreign Key: Customer_ID,EV00170966,C010967,SES00042742,2026-01-25 14:26:00,Instagram,Checkout,/cart,Treatment,0,
171018,Invalid Foreign Key: Customer_ID,EV00171017,C011018,SES00042755,2026-03-17 17:17:00,Email,Checkout,/product,Control,0,
171805,Invalid Foreign Key: Customer_ID,EV00171804,C011805,SES00042952,2026-05-13 12:24:00,Organic Search,Page View,/checkout,Treatment,0,
171964,Invalid Foreign Key: Customer_ID,EV00171963,C011964,SES00042991,2025-10-19 03:03:00,Referral,Add to Cart,/product,Control,0,
172592,Invalid Foreign Key: Customer_ID,EV00172591,C012592,SES00043148,2026-07-09 07:31:00,Instagram,Page View,/home,Control,0,
172961,Invalid Foreign Key: Customer_ID,EV00172960,C012961,SES00043241,2026-07-13 16:40:00,Google Ads,Purchase,/checkout,Treatment,1,O0072961
173379,Invalid Foreign Key: Customer_ID,EV00173378,C013379,SES00043345,2025-09-04 02:38:00,Referral,Product View,/home,Treatment,0,
173958,Invalid Foreign Key: Customer_ID,EV00173957,C013958,SES00043490,2026-04-06 05:17:00,Email,Page View,/checkout,Control,0,
174953,Invalid Foreign Key: Customer_ID,EV00174952,C014953,SES00043739,2025-12-27 16:52:00,Email,Product View,/product,Treatment,0,
174955,Invalid Foreign Key: Customer_ID,EV00174954,C014955,SES00043739,2025-12-29 18:54:00,Organic Search,Checkout,/cart,Treatment,0,
175740,Invalid Foreign Key: Customer_ID,EV00175739,C015740,SES00043935,2026-02-22 11:59:00,Organic Search,Add to Cart,/home,Control,0,
175951,Invalid Foreign Key: Order_ID,EV00175950,,SES00043988,2025-09-21 06:30:00,Google Ads,Purchase,/checkout,Treatment,1,O0075951
175952,Invalid Foreign Key: Customer_ID,EV00175951,C015952,SES00043988,2025-09-22 07:31:00,Instagram,Checkout,/product,Control,0,
176250,Invalid Foreign Key: Order_ID,EV00176249,C016250,SES00044063,2026-07-17 17:29:00,Organic Search,Purchase,/home,Control,1,O0076250
176411,Invalid Foreign Key: Order_ID,EV00176410,C016411,SES00044103,2025-12-25 10:10:00,Google Ads,Purchase,/product,Treatment,1,O0076411
176526,Invalid Foreign Key: Order_ID,EV00176525,C016526,SES00044132,2026-04-19 05:05:00,Google Ads,Purchase,/home,Control,1,O0076526
176527,Invalid Foreign Key: Customer_ID,EV00176526,C016527,SES00044132,2026-04-20 06:06:00,Instagram,Checkout,/home,Treatment,0,
176949,Invalid Foreign Key: Customer_ID,EV00176948,C016949,SES00044238,2026-06-16 20:08:00,Referral,Product View,/home,Treatment,0,
177314,Invalid Foreign Key: Customer_ID,EV00177313,C017314,SES00044329,2026-06-16 01:13:00,Referral,Page View,/cart,Control,0,
177946,Invalid Foreign Key: Customer_ID,EV00177945,C017946,SES00044487,2026-03-10 09:45:00,Google Ads,Checkout,/home,Control,0,
178101,Invalid Foreign Key: Customer_ID,EV00178100,C018101,SES00044526,2026-08-12 20:20:00,Google Ads,Checkout,/cart,Treatment,0,
178888,Invalid Foreign Key: Customer_ID,EV00178887,C018888,SES00044722,2025-10-08 15:27:00,Email,Checkout,/product,Control,0,
179675,Invalid Foreign Key: Customer_ID,EV00179674,C019675,SES00044919,2025-12-04 10:34:00,Organic Search,Add to Cart,/cart,Treatment,0,
179940,Invalid Foreign Key: Customer_ID,EV00179939,C019940,SES00044985,2026-08-26 11:59:00,Organic Search,Page View,/home,Control,0,
180787,Invalid Foreign Key: Customer_ID,EV00180786,C000787,SES00045197,2025-12-21 18:06:00,Instagram,Checkout,/checkout,Treatment,0,
180997,Invalid Foreign Key: Customer_ID,EV00180996,C000997,SES00045250,2026-07-19 12:36:00,Instagram,Product View,/cart,Treatment,0,
181574,Invalid Foreign Key: Customer_ID,EV00181573,C001574,SES00045394,2026-02-16 13:13:00,Referral,Add to Cart,/checkout,Control,0,
181994,Invalid Foreign Key: Customer_ID,EV00181993,C001994,SES00045499,2026-04-12 01:13:00,Referral,Page View,/home,Control,0,
182361,Invalid Foreign Key: Customer_ID,EV00182360,C002361,SES00045591,2026-04-14 08:20:00,Google Ads,Add to Cart,/checkout,Treatment,0,
182991,Invalid Foreign Key: Customer_ID,EV00182990,C002991,SES00045748,2026-01-04 14:50:00,Google Ads,Page View,/home,Treatment,0,
183148,Invalid Foreign Key: Customer_ID,EV00183147,C003148,SES00045787,2026-06-10 03:27:00,Email,Checkout,/product,Control,0,
183935,Invalid Foreign Key: Customer_ID,EV00183934,C003935,SES00045984,2026-08-06 22:34:00,Organic Search,Add to Cart,/cart,Treatment,0,
183988,Invalid Foreign Key: Customer_ID,EV00183987,C003988,SES00045997,2025-09-28 03:27:00,Email,Add to Cart,/checkout,Control,0,
184722,Invalid Foreign Key: Customer_ID,EV00184721,C004722,SES00046181,2025-10-02 17:41:00,Instagram,Page View,/product,Control,0,
184985,Invalid Foreign Key: Customer_ID,EV00184984,C004985,SES00046247,2026-06-22 16:04:00,Organic Search,Page View,/home,Treatment,0,
185509,Invalid Foreign Key: Customer_ID,EV00185508,C005509,SES00046378,2025-11-28 12:48:00,Referral,Add to Cart,/product,Treatment,0,
185982,Invalid Foreign Key: Customer_ID,EV00185981,C005982,SES00046496,2026-03-16 05:41:00,Instagram,Add to Cart,/home,Control,0,
186296,Invalid Foreign Key: Customer_ID,EV00186295,C006296,SES00046574,2026-01-24 07:55:00,Google Ads,Add to Cart,/cart,Control,0,
186979,Invalid Foreign Key: Customer_ID,EV00186978,C006979,SES00046745,2025-12-08 18:18:00,Referral,Add to Cart,/product,Treatment,0,
187083,Invalid Foreign Key: Customer_ID,EV00187082,C007083,SES00046771,2026-03-22 02:02:00,Email,Purchase,/home,Treatment,1,O0087083
187750,Invalid Foreign Key: Order_ID,EV00187749,C007750,SES00046938,2026-01-18 21:09:00,Organic Search,Purchase,/cart,Control,1,O0087750
187870,Invalid Foreign Key: Customer_ID,EV00187869,C007870,SES00046968,2026-05-18 21:09:00,Organic Search,Product View,/product,Control,0,
187976,Invalid Foreign Key: Customer_ID,EV00187975,C007976,SES00046994,2025-09-01 07:55:00,Google Ads,Checkout,/home,Control,0,
188657,Invalid Foreign Key: Customer_ID,EV00188656,C008657,SES00047165,2026-07-14 16:16:00,Instagram,Page View,/cart,Treatment,0,
189444,Invalid Foreign Key: Customer_ID,EV00189443,C009444,SES00047361,2025-09-09 11:23:00,Referral,Page View,/product,Control,0,
189970,Invalid Foreign Key: Customer_ID,EV00189969,C009970,SES00047493,2026-02-17 09:09:00,Organic Search,Product View,/product,Control,0,
190967,Invalid Foreign Key: Customer_ID,EV00190966,C010967,SES00047742,2025-11-11 22:46:00,Instagram,Add to Cart,/cart,Treatment,0,
191018,Invalid Foreign Key: Customer_ID,EV00191017,C011018,SES00047755,2026-01-01 01:37:00,Email,Page View,/product,Control,0,
191805,Invalid Foreign Key: Customer_ID,EV00191804,C011805,SES00047952,2026-02-27 20:44:00,Organic Search,Checkout,/home,Treatment,0,
191964,Invalid Foreign Key: Customer_ID,EV00191963,C011964,SES00047991,2026-08-05 11:23:00,Referral,Checkout,/checkout,Control,0,
192442,Invalid Foreign Key: Order_ID,EV00192441,C012442,SES00048111,2025-11-26 09:21:00,Instagram,Purchase,/cart,Control,1,O0092442
192592,Invalid Foreign Key: Customer_ID,EV00192591,C012592,SES00048148,2026-04-25 15:51:00,Instagram,Add to Cart,/cart,Control,0,
192961,Invalid Foreign Key: Customer_ID,EV00192960,C012961,SES00048241,2026-04-29 00:00:00,Google Ads,Page View,/checkout,Treatment,0,
193379,Invalid Foreign Key: Customer_ID,EV00193378,C013379,SES00048345,2026-06-21 10:58:00,Referral,Checkout,/cart,Treatment,0,
193958,Invalid Foreign Key: Customer_ID,EV00193957,C013958,SES00048490,2026-01-21 13:37:00,Email,Add to Cart,/home,Control,0,
194166,Invalid Foreign Key: Customer_ID,EV00194165,C014166,SES00048542,2026-08-17 05:05:00,Google Ads,Add to Cart,/product,Control,0,
194953,Invalid Foreign Key: Customer_ID,EV00194952,C014953,SES00048739,2025-10-13 00:12:00,Email,Page View,/product,Treatment,0,
194955,Invalid Foreign Key: Customer_ID,EV00194954,C014955,SES00048739,2025-10-15 02:14:00,Organic Search,Add to Cart,/home,Treatment,0,
195740,Invalid Foreign Key: Customer_ID,EV00195739,C015740,SES00048935,2025-12-09 19:19:00,Organic Search,Product View,/cart,Control,0,
195952,Invalid Foreign Key: Customer_ID,EV00195951,C015952,SES00048988,2026-07-09 15:51:00,Instagram,Add to Cart,/cart,Control,0,
196527,Invalid Foreign Key: Customer_ID,EV00196526,C016527,SES00049132,2026-02-04 14:26:00,Instagram,Product View,/checkout,Treatment,0,
196949,Invalid Foreign Key: Customer_ID,EV00196948,C016949,SES00049238,2026-04-02 04:28:00,Referral,Checkout,/home,Treatment,0,
197314,Invalid Foreign Key: Customer_ID,EV00197313,C017314,SES00049329,2026-04-02 09:33:00,Referral,Checkout,/product,Control,0,
197946,Invalid Foreign Key: Customer_ID,EV00197945,C017946,SES00049487,2025-12-25 17:05:00,Google Ads,Checkout,/home,Control,0,
198100,Invalid Foreign Key: Order_ID,EV00198099,C018100,SES00049525,2026-05-28 03:39:00,Organic Search,Purchase,/cart,Control,1,O0098100
198101,Invalid Foreign Key: Customer_ID,EV00198100,C018101,SES00049526,2026-05-29 04:40:00,Google Ads,Product View,/cart,Treatment,0,
198888,Invalid Foreign Key: Customer_ID,EV00198887,C018888,SES00049722,2026-07-25 23:47:00,Email,Page View,/product,Control,0,
198943,Invalid Foreign Key: Customer_ID,EV00198942,C018943,SES00049736,2025-09-18 06:42:00,Email,Product View,/product,Treatment,0,
199250,Invalid Foreign Key: Order_ID,EV00199249,C019250,SES00049813,2026-07-22 01:49:00,Organic Search,Purchase,/checkout,Control,1,O0099250
199675,Invalid Foreign Key: Customer_ID,EV00199674,C019675,SES00049919,2025-09-20 18:54:00,Organic Search,Add to Cart,/cart,Treatment,0,
199940,Invalid Foreign Key: Customer_ID,EV00199939,C019940,SES00049985,2026-06-12 19:19:00,Organic Search,Purchase,/home,Control,1,O0099940
